concept_code,assessment_tool_name,assessment_description,published_value,response_description,decimal_places,collection_start_date,specification_version,source_row
1036651000000102,Musculoskeletal Health Questionnaire total score,Musculoskeletal Health Questionnaire total score (observable entity),0-56,,0,2020-07-01,1.6.10,271
1053941000000101,Ages and Stages Questionnaires:Social-Emotional second edition 2 month questionnaire score,Ages and Stages Questionnaires:Social-Emotional second edition 2 month questionnaire score,0 - 465,,0,2017-10-01,1.6.10,118
1053951000000103,Ages and Stages Questionnaires:Social-Emotional second edition 6 month questionnaire score,Ages and Stages Questionnaires:Social-Emotional second edition 6 month questionnaire score,0 - 465,,0,2017-10-01,1.6.10,119
1053971000000107,Ages and Stages Questionnaires:Social-Emotional second edition 12 month questionnaire score,Ages and Stages Questionnaires:Social-Emotional second edition 12 month questionnaire score,0 - 465,,0,2017-10-01,1.6.10,120
1053991000000106,Ages and Stages Questionnaires:Social-Emotional second edition 18 month questionnaire score,Ages and Stages Questionnaires:Social-Emotional second edition 18 month questionnaire score,0 - 465,,0,2017-10-01,1.6.10,121
1054011000000104,Ages and Stages Questionnaires:Social-Emotional second edition 24 month questionnaire score,Ages and Stages Questionnaires:Social-Emotional second edition 24 month questionnaire score,0 - 465,,0,2017-10-01,1.6.10,122
1054021000000105,Ages and Stages Questionnaires:Social-Emotional second edition 30 month questionnaire score,Ages and Stages Questionnaires:Social-Emotional second edition 30 month questionnaire score,0 - 465,,0,2017-10-01,1.6.10,123
1054031000000107,Ages and Stages Questionnaires:Social-Emotional second edition 36 month questionnaire score,Ages and Stages Questionnaires:Social-Emotional second edition 36 month questionnaire score,0 - 465,,0,2017-10-01,1.6.10,124
1054041000000103,Ages and Stages Questionnaires:Social-Emotional second edition 48 month questionnaire score,Ages and Stages Questionnaires:Social-Emotional second edition 48 month questionnaire score,0 - 465,,0,2017-10-01,1.6.10,125
1054051000000100,Ages and Stages Questionnaires:Social-Emotional second edition 60 month questionnaire score,Ages and Stages Questionnaires:Social-Emotional second edition 60 month questionnaire score,0 - 465,,0,2017-10-01,1.6.10,126
1092801000000106,Palliative care phase measure phase,Palliative care phase measure phase (observable entity),1,Stable,0,2020-07-01,1.6.10,351
1092801000000106,Palliative care phase measure phase,Palliative care phase measure phase (observable entity),2,Unstable,0,2020-07-01,1.6.10,352
1092801000000106,Palliative care phase measure phase,Palliative care phase measure phase (observable entity),3,Deteriorating,0,2020-07-01,1.6.10,353
1092801000000106,Palliative care phase measure phase,Palliative care phase measure phase (observable entity),4,Dying,0,2020-07-01,1.6.10,354
1092801000000106,Palliative care phase measure phase,Palliative care phase measure phase (observable entity),5,Deceased,0,2020-07-01,1.6.10,355
1099711000000106,Musculoskeletal Health Questionnaire item 1 score - pain/stiffness during the day,Musculoskeletal Health Questionnaire item 1 score - pain/stiffness during the day (observable entity),0,Very severe,0,2020-07-01,1.6.10,272
1099711000000106,Musculoskeletal Health Questionnaire item 1 score - pain/stiffness during the day,Musculoskeletal Health Questionnaire item 1 score - pain/stiffness during the day (observable entity),1,Fairly severe,0,2020-07-01,1.6.10,273
1099711000000106,Musculoskeletal Health Questionnaire item 1 score - pain/stiffness during the day,Musculoskeletal Health Questionnaire item 1 score - pain/stiffness during the day (observable entity),2,Moderately,0,2020-07-01,1.6.10,274
1099711000000106,Musculoskeletal Health Questionnaire item 1 score - pain/stiffness during the day,Musculoskeletal Health Questionnaire item 1 score - pain/stiffness during the day (observable entity),3,Slightly,0,2020-07-01,1.6.10,275
1099711000000106,Musculoskeletal Health Questionnaire item 1 score - pain/stiffness during the day,Musculoskeletal Health Questionnaire item 1 score - pain/stiffness during the day (observable entity),4,Not at all,0,2020-07-01,1.6.10,276
1099721000000100,Musculoskeletal Health Questionnaire item 2 score - pain/stiffness during the night,Musculoskeletal Health Questionnaire item 2 score - pain/stiffness during the night (observable entity),0,Very severe,0,2020-07-01,1.6.10,277
1099721000000100,Musculoskeletal Health Questionnaire item 2 score - pain/stiffness during the night,Musculoskeletal Health Questionnaire item 2 score - pain/stiffness during the night (observable entity),1,Fairly severe,0,2020-07-01,1.6.10,278
1099721000000100,Musculoskeletal Health Questionnaire item 2 score - pain/stiffness during the night,Musculoskeletal Health Questionnaire item 2 score - pain/stiffness during the night (observable entity),2,Moderately,0,2020-07-01,1.6.10,279
1099721000000100,Musculoskeletal Health Questionnaire item 2 score - pain/stiffness during the night,Musculoskeletal Health Questionnaire item 2 score - pain/stiffness during the night (observable entity),3,Slightly,0,2020-07-01,1.6.10,280
1099721000000100,Musculoskeletal Health Questionnaire item 2 score - pain/stiffness during the night,Musculoskeletal Health Questionnaire item 2 score - pain/stiffness during the night (observable entity),4,Not at all,0,2020-07-01,1.6.10,281
1099731000000103,Musculoskeletal Health Questionnaire item 3 score - walking,Musculoskeletal Health Questionnaire item 3 score - walking (observable entity),0,Unable to walk,0,2020-07-01,1.6.10,282
1099731000000103,Musculoskeletal Health Questionnaire item 3 score - walking,Musculoskeletal Health Questionnaire item 3 score - walking (observable entity),1,Severely,0,2020-07-01,1.6.10,283
1099731000000103,Musculoskeletal Health Questionnaire item 3 score - walking,Musculoskeletal Health Questionnaire item 3 score - walking (observable entity),2,Moderately,0,2020-07-01,1.6.10,284
1099731000000103,Musculoskeletal Health Questionnaire item 3 score - walking,Musculoskeletal Health Questionnaire item 3 score - walking (observable entity),3,Slightly,0,2020-07-01,1.6.10,285
1099731000000103,Musculoskeletal Health Questionnaire item 3 score - walking,Musculoskeletal Health Questionnaire item 3 score - walking (observable entity),4,Not at all,0,2020-07-01,1.6.10,286
1099741000000107,Musculoskeletal Health Questionnaire item 4 score - washing/dressing,Musculoskeletal Health Questionnaire item 4 score - washing/dressing (observable entity),0,Unable to wash or dress myself,0,2020-07-01,1.6.10,287
1099741000000107,Musculoskeletal Health Questionnaire item 4 score - washing/dressing,Musculoskeletal Health Questionnaire item 4 score - washing/dressing (observable entity),1,Severely,0,2020-07-01,1.6.10,288
1099741000000107,Musculoskeletal Health Questionnaire item 4 score - washing/dressing,Musculoskeletal Health Questionnaire item 4 score - washing/dressing (observable entity),2,Moderately,0,2020-07-01,1.6.10,289
1099741000000107,Musculoskeletal Health Questionnaire item 4 score - washing/dressing,Musculoskeletal Health Questionnaire item 4 score - washing/dressing (observable entity),3,Slightly,0,2020-07-01,1.6.10,290
1099741000000107,Musculoskeletal Health Questionnaire item 4 score - washing/dressing,Musculoskeletal Health Questionnaire item 4 score - washing/dressing (observable entity),4,Not at all,0,2020-07-01,1.6.10,291
1099751000000105,Musculoskeletal Health Questionnaire item 5 score - physical activity levels,Musculoskeletal Health Questionnaire item 5 score - physical activity levels (observable entity),0,Unable to do physical activities,0,2020-07-01,1.6.10,292
1099751000000105,Musculoskeletal Health Questionnaire item 5 score - physical activity levels,Musculoskeletal Health Questionnaire item 5 score - physical activity levels (observable entity),1,Very much,0,2020-07-01,1.6.10,293
1099751000000105,Musculoskeletal Health Questionnaire item 5 score - physical activity levels,Musculoskeletal Health Questionnaire item 5 score - physical activity levels (observable entity),2,Moderately,0,2020-07-01,1.6.10,294
1099751000000105,Musculoskeletal Health Questionnaire item 5 score - physical activity levels,Musculoskeletal Health Questionnaire item 5 score - physical activity levels (observable entity),3,Slightly,0,2020-07-01,1.6.10,295
1099751000000105,Musculoskeletal Health Questionnaire item 5 score - physical activity levels,Musculoskeletal Health Questionnaire item 5 score - physical activity levels (observable entity),4,Not at all,0,2020-07-01,1.6.10,296
1099761000000108,Musculoskeletal Health Questionnaire item 6 score - work/daily routine,Musculoskeletal Health Questionnaire item 6 score - work/daily routine (observable entity),0,Extremely,0,2020-07-01,1.6.10,297
1099761000000108,Musculoskeletal Health Questionnaire item 6 score - work/daily routine,Musculoskeletal Health Questionnaire item 6 score - work/daily routine (observable entity),1,Severely,0,2020-07-01,1.6.10,298
1099761000000108,Musculoskeletal Health Questionnaire item 6 score - work/daily routine,Musculoskeletal Health Questionnaire item 6 score - work/daily routine (observable entity),2,Moderately,0,2020-07-01,1.6.10,299
1099761000000108,Musculoskeletal Health Questionnaire item 6 score - work/daily routine,Musculoskeletal Health Questionnaire item 6 score - work/daily routine (observable entity),3,Slightly,0,2020-07-01,1.6.10,300
1099761000000108,Musculoskeletal Health Questionnaire item 6 score - work/daily routine,Musculoskeletal Health Questionnaire item 6 score - work/daily routine (observable entity),4,Not at all,0,2020-07-01,1.6.10,301
1099771000000101,Musculoskeletal Health Questionnaire item 7 score - social activities and hobbies,Musculoskeletal Health Questionnaire item 7 score - social activities and hobbies (observable entity),0,Extremely,0,2020-07-01,1.6.10,302
1099771000000101,Musculoskeletal Health Questionnaire item 7 score - social activities and hobbies,Musculoskeletal Health Questionnaire item 7 score - social activities and hobbies (observable entity),1,Severely,0,2020-07-01,1.6.10,303
1099771000000101,Musculoskeletal Health Questionnaire item 7 score - social activities and hobbies,Musculoskeletal Health Questionnaire item 7 score - social activities and hobbies (observable entity),2,Moderately,0,2020-07-01,1.6.10,304
1099771000000101,Musculoskeletal Health Questionnaire item 7 score - social activities and hobbies,Musculoskeletal Health Questionnaire item 7 score - social activities and hobbies (observable entity),3,Slightly,0,2020-07-01,1.6.10,305
1099771000000101,Musculoskeletal Health Questionnaire item 7 score - social activities and hobbies,Musculoskeletal Health Questionnaire item 7 score - social activities and hobbies (observable entity),4,Not at all,0,2020-07-01,1.6.10,306
1099781000000104,Musculoskeletal Health Questionnaire item 8 score - needing help,Musculoskeletal Health Questionnaire item 8 score - needing help (observable entity),0,All the time,0,2020-07-01,1.6.10,307
1099781000000104,Musculoskeletal Health Questionnaire item 8 score - needing help,Musculoskeletal Health Questionnaire item 8 score - needing help (observable entity),1,Frequently,0,2020-07-01,1.6.10,308
1099781000000104,Musculoskeletal Health Questionnaire item 8 score - needing help,Musculoskeletal Health Questionnaire item 8 score - needing help (observable entity),2,Sometimes,0,2020-07-01,1.6.10,309
1099781000000104,Musculoskeletal Health Questionnaire item 8 score - needing help,Musculoskeletal Health Questionnaire item 8 score - needing help (observable entity),3,Rarely,0,2020-07-01,1.6.10,310
1099781000000104,Musculoskeletal Health Questionnaire item 8 score - needing help,Musculoskeletal Health Questionnaire item 8 score - needing help (observable entity),4,Not at all,0,2020-07-01,1.6.10,311
1099791000000102,Musculoskeletal Health Questionnaire item 9 score - sleep,Musculoskeletal Health Questionnaire item 9 score - sleep (observable entity),0,Every night,0,2020-07-01,1.6.10,312
1099791000000102,Musculoskeletal Health Questionnaire item 9 score - sleep,Musculoskeletal Health Questionnaire item 9 score - sleep (observable entity),1,Frequently,0,2020-07-01,1.6.10,313
1099791000000102,Musculoskeletal Health Questionnaire item 9 score - sleep,Musculoskeletal Health Questionnaire item 9 score - sleep (observable entity),2,Sometimes,0,2020-07-01,1.6.10,314
1099791000000102,Musculoskeletal Health Questionnaire item 9 score - sleep,Musculoskeletal Health Questionnaire item 9 score - sleep (observable entity),3,Rarely,0,2020-07-01,1.6.10,315
1099791000000102,Musculoskeletal Health Questionnaire item 9 score - sleep,Musculoskeletal Health Questionnaire item 9 score - sleep (observable entity),4,Not at all,0,2020-07-01,1.6.10,316
1099801000000103,Musculoskeletal Health Questionnaire item 10 score - fatigue or low energy,Musculoskeletal Health Questionnaire item 10 score - fatigue or low energy (observable entity),0,Extreme,0,2020-07-01,1.6.10,317
1099801000000103,Musculoskeletal Health Questionnaire item 10 score - fatigue or low energy,Musculoskeletal Health Questionnaire item 10 score - fatigue or low energy (observable entity),1,Severe,0,2020-07-01,1.6.10,318
1099801000000103,Musculoskeletal Health Questionnaire item 10 score - fatigue or low energy,Musculoskeletal Health Questionnaire item 10 score - fatigue or low energy (observable entity),2,Moderate,0,2020-07-01,1.6.10,319
1099801000000103,Musculoskeletal Health Questionnaire item 10 score - fatigue or low energy,Musculoskeletal Health Questionnaire item 10 score - fatigue or low energy (observable entity),3,Slight,0,2020-07-01,1.6.10,320
1099801000000103,Musculoskeletal Health Questionnaire item 10 score - fatigue or low energy,Musculoskeletal Health Questionnaire item 10 score - fatigue or low energy (observable entity),4,Not at all,0,2020-07-01,1.6.10,321
1099811000000101,Musculoskeletal Health Questionnaire item 11 score - emotional well being,Musculoskeletal Health Questionnaire item 11 score - emotional well being (observable entity),0,Extremely,0,2020-07-01,1.6.10,322
1099811000000101,Musculoskeletal Health Questionnaire item 11 score - emotional well being,Musculoskeletal Health Questionnaire item 11 score - emotional well being (observable entity),1,Severely,0,2020-07-01,1.6.10,323
1099811000000101,Musculoskeletal Health Questionnaire item 11 score - emotional well being,Musculoskeletal Health Questionnaire item 11 score - emotional well being (observable entity),2,Moderately,0,2020-07-01,1.6.10,324
1099811000000101,Musculoskeletal Health Questionnaire item 11 score - emotional well being,Musculoskeletal Health Questionnaire item 11 score - emotional well being (observable entity),3,Slightly,0,2020-07-01,1.6.10,325
1099811000000101,Musculoskeletal Health Questionnaire item 11 score - emotional well being,Musculoskeletal Health Questionnaire item 11 score - emotional well being (observable entity),4,Not at all,0,2020-07-01,1.6.10,326
1099821000000107,Musculoskeletal Health Questionnaire item 12 score - understanding of your condition and any current treatment,Musculoskeletal Health Questionnaire item 12 score - understanding of your condition and any current treatment (observable entity),0,Not at all,0,2020-07-01,1.6.10,327
1099821000000107,Musculoskeletal Health Questionnaire item 12 score - understanding of your condition and any current treatment,Musculoskeletal Health Questionnaire item 12 score - understanding of your condition and any current treatment (observable entity),1,Slightly,0,2020-07-01,1.6.10,328
1099821000000107,Musculoskeletal Health Questionnaire item 12 score - understanding of your condition and any current treatment,Musculoskeletal Health Questionnaire item 12 score - understanding of your condition and any current treatment (observable entity),2,Moderately,0,2020-07-01,1.6.10,329
1099821000000107,Musculoskeletal Health Questionnaire item 12 score - understanding of your condition and any current treatment,Musculoskeletal Health Questionnaire item 12 score - understanding of your condition and any current treatment (observable entity),3,Very well,0,2020-07-01,1.6.10,330
1099821000000107,Musculoskeletal Health Questionnaire item 12 score - understanding of your condition and any current treatment,Musculoskeletal Health Questionnaire item 12 score - understanding of your condition and any current treatment (observable entity),4,Completely,0,2020-07-01,1.6.10,331
1099831000000109,Musculoskeletal Health Questionnaire item 13 score - confidence in being able to manage your symptoms,Musculoskeletal Health Questionnaire item 13 score - confidence in being able to manage your symptoms (observable entity),0,Not at all,0,2020-07-01,1.6.10,332
1099831000000109,Musculoskeletal Health Questionnaire item 13 score - confidence in being able to manage your symptoms,Musculoskeletal Health Questionnaire item 13 score - confidence in being able to manage your symptoms (observable entity),1,Slightly,0,2020-07-01,1.6.10,333
1099831000000109,Musculoskeletal Health Questionnaire item 13 score - confidence in being able to manage your symptoms,Musculoskeletal Health Questionnaire item 13 score - confidence in being able to manage your symptoms (observable entity),2,Moderately,0,2020-07-01,1.6.10,334
1099831000000109,Musculoskeletal Health Questionnaire item 13 score - confidence in being able to manage your symptoms,Musculoskeletal Health Questionnaire item 13 score - confidence in being able to manage your symptoms (observable entity),3,Very,0,2020-07-01,1.6.10,335
1099831000000109,Musculoskeletal Health Questionnaire item 13 score - confidence in being able to manage your symptoms,Musculoskeletal Health Questionnaire item 13 score - confidence in being able to manage your symptoms (observable entity),4,Extremely,0,2020-07-01,1.6.10,336
1099841000000100,Musculoskeletal Health Questionnaire item 14 score - overall impact,Musculoskeletal Health Questionnaire item 14 score - overall impact (observable entity),0,Extremely,0,2020-07-01,1.6.10,337
1099841000000100,Musculoskeletal Health Questionnaire item 14 score - overall impact,Musculoskeletal Health Questionnaire item 14 score - overall impact (observable entity),1,Very much,0,2020-07-01,1.6.10,338
1099841000000100,Musculoskeletal Health Questionnaire item 14 score - overall impact,Musculoskeletal Health Questionnaire item 14 score - overall impact (observable entity),2,Moderately,0,2020-07-01,1.6.10,339
1099841000000100,Musculoskeletal Health Questionnaire item 14 score - overall impact,Musculoskeletal Health Questionnaire item 14 score - overall impact (observable entity),3,Slightly,0,2020-07-01,1.6.10,340
1099841000000100,Musculoskeletal Health Questionnaire item 14 score - overall impact,Musculoskeletal Health Questionnaire item 14 score - overall impact (observable entity),4,Not at all,0,2020-07-01,1.6.10,341
1099851000000102,Musculoskeletal Health Questionnaire - physical activity levels - in the past week how many days have you done a total of 30 minutes or more of physical activity,Musculoskeletal Health Questionnaire - physical activity levels - in the past week how many days have you done a total of 30 minutes or more of physical activity (observable entity),0,0,0,2020-07-01,1.6.10,342
1099851000000102,Musculoskeletal Health Questionnaire - physical activity levels - in the past week how many days have you done a total of 30 minutes or more of physical activity,Musculoskeletal Health Questionnaire - physical activity levels - in the past week how many days have you done a total of 30 minutes or more of physical activity (observable entity),1,1 day,0,2020-07-01,1.6.10,343
1099851000000102,Musculoskeletal Health Questionnaire - physical activity levels - in the past week how many days have you done a total of 30 minutes or more of physical activity,Musculoskeletal Health Questionnaire - physical activity levels - in the past week how many days have you done a total of 30 minutes or more of physical activity (observable entity),2,2 days,0,2020-07-01,1.6.10,344
1099851000000102,Musculoskeletal Health Questionnaire - physical activity levels - in the past week how many days have you done a total of 30 minutes or more of physical activity,Musculoskeletal Health Questionnaire - physical activity levels - in the past week how many days have you done a total of 30 minutes or more of physical activity (observable entity),3,3 days,0,2020-07-01,1.6.10,345
1099851000000102,Musculoskeletal Health Questionnaire - physical activity levels - in the past week how many days have you done a total of 30 minutes or more of physical activity,Musculoskeletal Health Questionnaire - physical activity levels - in the past week how many days have you done a total of 30 minutes or more of physical activity (observable entity),4,4 days,0,2020-07-01,1.6.10,346
1099851000000102,Musculoskeletal Health Questionnaire - physical activity levels - in the past week how many days have you done a total of 30 minutes or more of physical activity,Musculoskeletal Health Questionnaire - physical activity levels - in the past week how many days have you done a total of 30 minutes or more of physical activity (observable entity),5,5 days,0,2020-07-01,1.6.10,347
1099851000000102,Musculoskeletal Health Questionnaire - physical activity levels - in the past week how many days have you done a total of 30 minutes or more of physical activity,Musculoskeletal Health Questionnaire - physical activity levels - in the past week how many days have you done a total of 30 minutes or more of physical activity (observable entity),6,6 days,0,2020-07-01,1.6.10,348
1099851000000102,Musculoskeletal Health Questionnaire - physical activity levels - in the past week how many days have you done a total of 30 minutes or more of physical activity,Musculoskeletal Health Questionnaire - physical activity levels - in the past week how many days have you done a total of 30 minutes or more of physical activity (observable entity),7,7 days,0,2020-07-01,1.6.10,349
1105421000000101,Needs and Provision Complexity Scale version 6 medical care needs score,Needs and Provision Complexity Scale version 6 medical care needs score (observable entity),0,GP occasional –- no regular contact – self-initiated visits to GP as required,0,2020-07-01,1.6.10,140
1105421000000101,Needs and Provision Complexity Scale version 6 medical care needs score,Needs and Provision Complexity Scale version 6 medical care needs score (observable entity),1,GP active monitoring - regular monitoring/ treatment by GP s,0,2020-07-01,1.6.10,141
1105421000000101,Needs and Provision Complexity Scale version 6 medical care needs score,Needs and Provision Complexity Scale version 6 medical care needs score (observable entity),2,Low level specialist support eg for largely stable condition On-going monitoring/ treatment by GP with occasional specialist advice / review,0,2020-07-01,1.6.10,142
1105421000000101,Needs and Provision Complexity Scale version 6 medical care needs score,Needs and Provision Complexity Scale version 6 medical care needs score (observable entity),3,Active specialist medical intervention required eg for changing/unstable condition or for unresolved symptoms. Investigation or treatment requiring frequent contact with specialist medical,0,2020-07-01,1.6.10,143
1105431000000104,Needs and Provision Complexity Scale version 6 medical care provision score,Needs and Provision Complexity Scale version 6 medical care provision score (observable entity),0,GP occasional –- no regular contact – self-initiated visits to GP as required,0,2020-07-01,1.6.10,144
1105431000000104,Needs and Provision Complexity Scale version 6 medical care provision score,Needs and Provision Complexity Scale version 6 medical care provision score (observable entity),1,GP active monitoring - regular monitoring/ treatment by GP solely,0,2020-07-01,1.6.10,145
1105431000000104,Needs and Provision Complexity Scale version 6 medical care provision score,Needs and Provision Complexity Scale version 6 medical care provision score (observable entity),2,Low level specialist support eg for largely stable condition On-going monitoring/ treatment by GP with occasional specialist advice / review,0,2020-07-01,1.6.10,146
1105431000000104,Needs and Provision Complexity Scale version 6 medical care provision score,Needs and Provision Complexity Scale version 6 medical care provision score (observable entity),3,Active specialist medical intervention eg for changing/unstable condition or for unresolved symptoms. Investigation or treatment requiring frequent contact with specialist medical team,0,2020-07-01,1.6.10,147
1105441000000108,Needs and Provision Complexity Scale version 6 skilled nursing needs score,Needs and Provision Complexity Scale version 6 skilled nursing needs score (observable entity),0,No needs for skilled nursing,0,2020-07-01,1.6.10,148
1105441000000108,Needs and Provision Complexity Scale version 6 skilled nursing needs score,Needs and Provision Complexity Scale version 6 skilled nursing needs score (observable entity),1,Occasional intervention (eg monthly or less),0,2020-07-01,1.6.10,149
1105441000000108,Needs and Provision Complexity Scale version 6 skilled nursing needs score,Needs and Provision Complexity Scale version 6 skilled nursing needs score (observable entity),2,Regular intervention eg every 1-2 weeks,0,2020-07-01,1.6.10,150
1105441000000108,Needs and Provision Complexity Scale version 6 skilled nursing needs score,Needs and Provision Complexity Scale version 6 skilled nursing needs score (observable entity),3,Frequent intervention on a daily basis or several times a week,0,2020-07-01,1.6.10,151
1105451000000106,Needs and Provision Complexity Scale version 6 skilled nursing provision score,Needs and Provision Complexity Scale version 6 skilled nursing provision score (observable entity),0,No provision of skilled nursing,0,2020-07-01,1.6.10,152
1105451000000106,Needs and Provision Complexity Scale version 6 skilled nursing provision score,Needs and Provision Complexity Scale version 6 skilled nursing provision score (observable entity),1,Occasional intervention from a trained or specialist nurse (eg monthly or less),0,2020-07-01,1.6.10,153
1105451000000106,Needs and Provision Complexity Scale version 6 skilled nursing provision score,Needs and Provision Complexity Scale version 6 skilled nursing provision score (observable entity),2,Regular intervention from a trained nurse or specialist nurse eg every 1-2 weeks,0,2020-07-01,1.6.10,154
1105451000000106,Needs and Provision Complexity Scale version 6 skilled nursing provision score,Needs and Provision Complexity Scale version 6 skilled nursing provision score (observable entity),3,"Frequent intervention from a trained nurse or specialist nurse on a daily basis, or Several times a week",0,2020-07-01,1.6.10,155
1105461000000109,Needs and Provision Complexity Scale version 6 number of carers needed score,Needs and Provision Complexity Scale version 6 number of carers needed score (observable entity),0,No carers required for basic care activities,0,2020-07-01,1.6.10,156
1105461000000109,Needs and Provision Complexity Scale version 6 number of carers needed score,Needs and Provision Complexity Scale version 6 number of carers needed score (observable entity),1,Requires help from 1 person for most basic care needs,0,2020-07-01,1.6.10,157
1105461000000109,Needs and Provision Complexity Scale version 6 number of carers needed score,Needs and Provision Complexity Scale version 6 number of carers needed score (observable entity),2,Requires help from> 2 people for most basic care needs,0,2020-07-01,1.6.10,158
1105471000000102,Needs and Provision Complexity Scale version 6 number of carers provided score,Needs and Provision Complexity Scale version 6 number of carers provided score (observable entity),0,No carers for basic care activities,0,2020-07-01,1.6.10,159
1105471000000102,Needs and Provision Complexity Scale version 6 number of carers provided score,Needs and Provision Complexity Scale version 6 number of carers provided score (observable entity),1,1 carer,0,2020-07-01,1.6.10,160
1105471000000102,Needs and Provision Complexity Scale version 6 number of carers provided score,Needs and Provision Complexity Scale version 6 number of carers provided score (observable entity),2,2 carers,0,2020-07-01,1.6.10,161
1105481000000100,Needs and Provision Complexity Scale version 6 care frequency needs score,Needs and Provision Complexity Scale version 6 care frequency needs score (observable entity),0,No need for help with self care.,0,2020-07-01,1.6.10,264
1105481000000100,Needs and Provision Complexity Scale version 6 care frequency needs score,Needs and Provision Complexity Scale version 6 care frequency needs score (observable entity),1,"Occasional need – less than daily for help with self care, or extended activities of daily living",0,2020-07-01,1.6.10,265
1105481000000100,Needs and Provision Complexity Scale version 6 care frequency needs score,Needs and Provision Complexity Scale version 6 care frequency needs score (observable entity),2,Requires regular help once daily,0,2020-07-01,1.6.10,266
1105481000000100,Needs and Provision Complexity Scale version 6 care frequency needs score,Needs and Provision Complexity Scale version 6 care frequency needs score (observable entity),3,Requires regular help 2-3 times a day – could be met by an intermittent visiting care package Able to be left safely for >4 hours and does not require care / supervision at night,0,2020-07-01,1.6.10,267
1105481000000100,Needs and Provision Complexity Scale version 6 care frequency needs score,Needs and Provision Complexity Scale version 6 care frequency needs score (observable entity),4,"Frequent or unpredictable care needs, requiring the presence of someone most of the time Cannot be left safely for >4 hours or requires care / supervision at night (but not waking night care)",0,2020-07-01,1.6.10,268
1105481000000100,Needs and Provision Complexity Scale version 6 care frequency needs score,Needs and Provision Complexity Scale version 6 care frequency needs score (observable entity),5,"Requires constant supervision - unable to be left alone in the house, even for short periods AND/Or requires waking night care – needs > 2 interventions at night)",0,2020-07-01,1.6.10,269
1105491000000103,Needs and Provision Complexity Scale version 6 care frequency provision score,Needs and Provision Complexity Scale version 6 care frequency provision score (observable entity),0,No provision for help with self care,0,2020-07-01,1.6.10,162
1105491000000103,Needs and Provision Complexity Scale version 6 care frequency provision score,Needs and Provision Complexity Scale version 6 care frequency provision score (observable entity),1,"Occasional care visits – less than daily for help with self care, or extended activities of daily living",0,2020-07-01,1.6.10,163
1105491000000103,Needs and Provision Complexity Scale version 6 care frequency provision score,Needs and Provision Complexity Scale version 6 care frequency provision score (observable entity),2,Once daily care visit 1-2 hours,0,2020-07-01,1.6.10,164
1105491000000103,Needs and Provision Complexity Scale version 6 care frequency provision score,Needs and Provision Complexity Scale version 6 care frequency provision score (observable entity),3,2-3 care visits per day – (or 3-6 hours care per day in total) - no night time care,0,2020-07-01,1.6.10,165
1105491000000103,Needs and Provision Complexity Scale version 6 care frequency provision score,Needs and Provision Complexity Scale version 6 care frequency provision score (observable entity),4,Live-in or all day care package - >6 hours,0,2020-07-01,1.6.10,166
1105491000000103,Needs and Provision Complexity Scale version 6 care frequency provision score,Needs and Provision Complexity Scale version 6 care frequency provision score (observable entity),5,1:1 care throughout the day AND/Or waking night care,0,2020-07-01,1.6.10,167
1105501000000109,Needs and Provision Complexity Scale version 6 personal assistant/enabler needs score,Needs and Provision Complexity Scale version 6 personal assistant/enabler needs score (observable entity),0,No need for assistance with community activities,0,2020-07-01,1.6.10,168
1105501000000109,Needs and Provision Complexity Scale version 6 personal assistant/enabler needs score,Needs and Provision Complexity Scale version 6 personal assistant/enabler needs score (observable entity),1,Occasional need – 1-2 days per week,0,2020-07-01,1.6.10,169
1105501000000109,Needs and Provision Complexity Scale version 6 personal assistant/enabler needs score,Needs and Provision Complexity Scale version 6 personal assistant/enabler needs score (observable entity),2,Frequent need – 3-5 days/week,0,2020-07-01,1.6.10,170
1105501000000109,Needs and Provision Complexity Scale version 6 personal assistant/enabler needs score,Needs and Provision Complexity Scale version 6 personal assistant/enabler needs score (observable entity),3,Daily – 6-7 days/week,0,2020-07-01,1.6.10,171
1105511000000106,Needs and Provision Complexity Scale version 6 personal assistant/enabler provision score,Needs and Provision Complexity Scale version 6 personal assistant/enabler provision score (observable entity),0,No provision for assistance with community activities,0,2020-07-01,1.6.10,172
1105511000000106,Needs and Provision Complexity Scale version 6 personal assistant/enabler provision score,Needs and Provision Complexity Scale version 6 personal assistant/enabler provision score (observable entity),1,Occasional assistance provided – 1-2 days per week,0,2020-07-01,1.6.10,173
1105511000000106,Needs and Provision Complexity Scale version 6 personal assistant/enabler provision score,Needs and Provision Complexity Scale version 6 personal assistant/enabler provision score (observable entity),2,Frequent assistance provided – 3-5 days/week,0,2020-07-01,1.6.10,174
1105511000000106,Needs and Provision Complexity Scale version 6 personal assistant/enabler provision score,Needs and Provision Complexity Scale version 6 personal assistant/enabler provision score (observable entity),3,Daily assistance provided – 6-7 days/week,0,2020-07-01,1.6.10,175
1105521000000100,Needs and Provision Complexity Scale version 6 number of therapy disciplines needed score,Needs and Provision Complexity Scale version 6 number of therapy disciplines needed score (observable entity),0,0,0,2020-07-01,1.6.10,176
1105521000000100,Needs and Provision Complexity Scale version 6 number of therapy disciplines needed score,Needs and Provision Complexity Scale version 6 number of therapy disciplines needed score (observable entity),1,Single discipline only,0,2020-07-01,1.6.10,177
1105521000000100,Needs and Provision Complexity Scale version 6 number of therapy disciplines needed score,Needs and Provision Complexity Scale version 6 number of therapy disciplines needed score (observable entity),2,"Individual disciplines, not co-ordinated",0,2020-07-01,1.6.10,178
1105521000000100,Needs and Provision Complexity Scale version 6 number of therapy disciplines needed score,Needs and Provision Complexity Scale version 6 number of therapy disciplines needed score (observable entity),3,Co-ordinated interdisciplinary team,0,2020-07-01,1.6.10,179
1105531000000103,Needs and Provision Complexity Scale version 6 number of therapy disciplines provided score,Needs and Provision Complexity Scale version 6 number of therapy disciplines provided score (observable entity),0,0,0,2020-07-01,1.6.10,180
1105531000000103,Needs and Provision Complexity Scale version 6 number of therapy disciplines provided score,Needs and Provision Complexity Scale version 6 number of therapy disciplines provided score (observable entity),1,Single discipline only,0,2020-07-01,1.6.10,181
1105531000000103,Needs and Provision Complexity Scale version 6 number of therapy disciplines provided score,Needs and Provision Complexity Scale version 6 number of therapy disciplines provided score (observable entity),2,"Individual disciplines, not co-ordinated",0,2020-07-01,1.6.10,182
1105531000000103,Needs and Provision Complexity Scale version 6 number of therapy disciplines provided score,Needs and Provision Complexity Scale version 6 number of therapy disciplines provided score (observable entity),3,Co-ordinated interdisciplinary team,0,2020-07-01,1.6.10,183
1105541000000107,Needs and Provision Complexity Scale version 6 therapy intensity needed score,Needs and Provision Complexity Scale version 6 therapy intensity needed score (observable entity),0,No need for trained therapy intervention,0,2020-07-01,1.6.10,184
1105541000000107,Needs and Provision Complexity Scale version 6 therapy intensity needed score,Needs and Provision Complexity Scale version 6 therapy intensity needed score (observable entity),1,"Requires occasional review or maintenance programme – OR requires Group therapy solely Eg Rehab needs met by family/care staff or self-exercise, supervised by therapist eg 1-2 hrs total/month",0,2020-07-01,1.6.10,185
1105541000000107,Needs and Provision Complexity Scale version 6 therapy intensity needed score,Needs and Provision Complexity Scale version 6 therapy intensity needed score (observable entity),2,Regular intervention for maintenance / treatment eg every 1-2 weeks: OP or domiciliary treatment,0,2020-07-01,1.6.10,186
1105541000000107,Needs and Provision Complexity Scale version 6 therapy intensity needed score,Needs and Provision Complexity Scale version 6 therapy intensity needed score (observable entity),3,Requires frequent intervention involving several sessions per week,0,2020-07-01,1.6.10,187
1105551000000105,Needs and Provision Complexity Scale version 6 therapy intensity provided score,Needs and Provision Complexity Scale version 6 therapy intensity provided score (observable entity),0,No therapy intervention (or <1 hr per month),0,2020-07-01,1.6.10,188
1105551000000105,Needs and Provision Complexity Scale version 6 therapy intensity provided score,Needs and Provision Complexity Scale version 6 therapy intensity provided score (observable entity),1,Occasional review or maintenance programme –- about 1-2 hours/month in total – OR attends for Group therapy solely,0,2020-07-01,1.6.10,189
1105551000000105,Needs and Provision Complexity Scale version 6 therapy intensity provided score,Needs and Provision Complexity Scale version 6 therapy intensity provided score (observable entity),2,Regular intervention for maintenance / treatment eg every 1-2 weeks:,0,2020-07-01,1.6.10,190
1105551000000105,Needs and Provision Complexity Scale version 6 therapy intensity provided score,Needs and Provision Complexity Scale version 6 therapy intensity provided score (observable entity),3,Frequent intervention involving several sessions per week (may be from different disciplines),0,2020-07-01,1.6.10,191
1105561000000108,Needs and Provision Complexity Scale version 6 vocational/educational support needs score,Needs and Provision Complexity Scale version 6 vocational/educational support needs score (observable entity),0,No need for vocational/educational support,0,2020-07-01,1.6.10,192
1105561000000108,Needs and Provision Complexity Scale version 6 vocational/educational support needs score,Needs and Provision Complexity Scale version 6 vocational/educational support needs score (observable entity),1,Requires vocational assessment / advice or educational statementing,0,2020-07-01,1.6.10,193
1105561000000108,Needs and Provision Complexity Scale version 6 vocational/educational support needs score,Needs and Provision Complexity Scale version 6 vocational/educational support needs score (observable entity),2,"Requires on-going vocational /educational support eg Access to work scheme, or withdrawal from work",0,2020-07-01,1.6.10,194
1105561000000108,Needs and Provision Complexity Scale version 6 vocational/educational support needs score,Needs and Provision Complexity Scale version 6 vocational/educational support needs score (observable entity),3,"Requires formal vocational / educational rehab eg work prep, work re-training, supported placements",0,2020-07-01,1.6.10,195
1105571000000101,Needs and Provision Complexity Scale version 6 vocational/educational support provision score,Needs and Provision Complexity Scale version 6 vocational/educational support provision score (observable entity),0,No provision for vocational/educational support,0,2020-07-01,1.6.10,196
1105571000000101,Needs and Provision Complexity Scale version 6 vocational/educational support provision score,Needs and Provision Complexity Scale version 6 vocational/educational support provision score (observable entity),1,Received/ing vocational /educational assessment / advice or statementing,0,2020-07-01,1.6.10,197
1105571000000101,Needs and Provision Complexity Scale version 6 vocational/educational support provision score,Needs and Provision Complexity Scale version 6 vocational/educational support provision score (observable entity),2,"Receives on-going vocational/educational support eg Access to work scheme, or withdraw from work",0,2020-07-01,1.6.10,198
1105571000000101,Needs and Provision Complexity Scale version 6 vocational/educational support provision score,Needs and Provision Complexity Scale version 6 vocational/educational support provision score (observable entity),3,"Receives formal vocational / educational rehabilitation eg work preparation, work re-training, supported placements",0,2020-07-01,1.6.10,199
1105581000000104,Needs and Provision Complexity Scale version 6 social work and case management needs score,Needs and Provision Complexity Scale version 6 social work and case management needs score (observable entity),0,No needs for social work or case management,0,2020-07-01,1.6.10,200
1105581000000104,Needs and Provision Complexity Scale version 6 social work and case management needs score,Needs and Provision Complexity Scale version 6 social work and case management needs score (observable entity),1,Requires occasional intervention or available for advice when needed eg contact 2-3 x per year,0,2020-07-01,1.6.10,201
1105581000000104,Needs and Provision Complexity Scale version 6 social work and case management needs score,Needs and Provision Complexity Scale version 6 social work and case management needs score (observable entity),2,Requires regular intervention or contact eg every 1-2 months,0,2020-07-01,1.6.10,202
1105581000000104,Needs and Provision Complexity Scale version 6 social work and case management needs score,Needs and Provision Complexity Scale version 6 social work and case management needs score (observable entity),3,Requires frequent intervention or contact eg every 1-2 weeks,0,2020-07-01,1.6.10,203
1105591000000102,Needs and Provision Complexity Scale version 6 social work and case management provision score,Needs and Provision Complexity Scale version 6 social work and case management provision score (observable entity),0,No provision of social work or case management – or very inconsistent (ie effectively none),0,2020-07-01,1.6.10,204
1105591000000102,Needs and Provision Complexity Scale version 6 social work and case management provision score,Needs and Provision Complexity Scale version 6 social work and case management provision score (observable entity),1,Occasional intervention or contacts for advice when needed eg 2-3 times per year,0,2020-07-01,1.6.10,205
1105591000000102,Needs and Provision Complexity Scale version 6 social work and case management provision score,Needs and Provision Complexity Scale version 6 social work and case management provision score (observable entity),2,Regular intervention or contact eg every 1-2 months,0,2020-07-01,1.6.10,206
1105591000000102,Needs and Provision Complexity Scale version 6 social work and case management provision score,Needs and Provision Complexity Scale version 6 social work and case management provision score (observable entity),3,Frequent intervention or contact eg every 1-2 weeks,0,2020-07-01,1.6.10,207
1105601000000108,Needs and Provision Complexity Scale version 6 family/carer support needs score,Needs and Provision Complexity Scale version 6 family/carer support needs score (observable entity),0,No needs for family / carer support,0,2020-07-01,1.6.10,208
1105601000000108,Needs and Provision Complexity Scale version 6 family/carer support needs score,Needs and Provision Complexity Scale version 6 family/carer support needs score (observable entity),1,Assessment required for family / carer,0,2020-07-01,1.6.10,209
1105601000000108,Needs and Provision Complexity Scale version 6 family/carer support needs score,Needs and Provision Complexity Scale version 6 family/carer support needs score (observable entity),2,Time-limited family/carer support required eg for skills training,0,2020-07-01,1.6.10,210
1105601000000108,Needs and Provision Complexity Scale version 6 family/carer support needs score,Needs and Provision Complexity Scale version 6 family/carer support needs score (observable entity),3,On-going family/carer support required eg for emotional support,0,2020-07-01,1.6.10,211
1105611000000105,Needs and Provision Complexity Scale version 6 family/carer support provision score,Needs and Provision Complexity Scale version 6 family/carer support provision score (observable entity),0,No provision for family / carer support,0,2020-07-01,1.6.10,212
1105611000000105,Needs and Provision Complexity Scale version 6 family/carer support provision score,Needs and Provision Complexity Scale version 6 family/carer support provision score (observable entity),1,Received/ing assessment for family / carer,0,2020-07-01,1.6.10,213
1105611000000105,Needs and Provision Complexity Scale version 6 family/carer support provision score,Needs and Provision Complexity Scale version 6 family/carer support provision score (observable entity),2,Received/ing family/carer support eg for skills training,0,2020-07-01,1.6.10,214
1105611000000105,Needs and Provision Complexity Scale version 6 family/carer support provision score,Needs and Provision Complexity Scale version 6 family/carer support provision score (observable entity),3,Receives on-going family/carer support eg for emotional support,0,2020-07-01,1.6.10,215
1105621000000104,Needs and Provision Complexity Scale version 6 residential respite provision score,Needs and Provision Complexity Scale version 6 residential respite provision score (observable entity),0,No provision for residential respite care,0,2020-07-01,1.6.10,216
1105621000000104,Needs and Provision Complexity Scale version 6 residential respite provision score,Needs and Provision Complexity Scale version 6 residential respite provision score (observable entity),1,Occasional residential respite provision– eg to cover holidays etc.,0,2020-07-01,1.6.10,217
1105621000000104,Needs and Provision Complexity Scale version 6 residential respite provision score,Needs and Provision Complexity Scale version 6 residential respite provision score (observable entity),2,"Regular planned residential respite provision , but not very frequent (eg 1-2 weeks per 6 months))",0,2020-07-01,1.6.10,218
1105621000000104,Needs and Provision Complexity Scale version 6 residential respite provision score,Needs and Provision Complexity Scale version 6 residential respite provision score (observable entity),3,Frequent planned residential care (eg every 4-6 weeks) AND/OR back-up support at times of crisis,0,2020-07-01,1.6.10,219
1105631000000102,Needs and Provision Complexity Scale version 6 residential respite needs score,Needs and Provision Complexity Scale version 6 residential respite needs score (observable entity),0,No need for residential respite care,0,2020-07-01,1.6.10,220
1105631000000102,Needs and Provision Complexity Scale version 6 residential respite needs score,Needs and Provision Complexity Scale version 6 residential respite needs score (observable entity),1,Requires occasional residential respite – eg to cover holidays etc.,0,2020-07-01,1.6.10,221
1105631000000102,Needs and Provision Complexity Scale version 6 residential respite needs score,Needs and Provision Complexity Scale version 6 residential respite needs score (observable entity),2,"Requires regular planned residential respite , but not very frequent (eg 1-2 weeks per 6 months)",0,2020-07-01,1.6.10,222
1105631000000102,Needs and Provision Complexity Scale version 6 residential respite needs score,Needs and Provision Complexity Scale version 6 residential respite needs score (observable entity),3,Requires frequent planned residential care (eg every 4-6 weeks) AND/OR back-up support at times of crisis,0,2020-07-01,1.6.10,223
1105641000000106,Needs and Provision Complexity Scale version 6 day care needs score,Needs and Provision Complexity Scale version 6 day care needs score (observable entity),0,No need for day care,0,2020-07-01,1.6.10,224
1105641000000106,Needs and Provision Complexity Scale version 6 day care needs score,Needs and Provision Complexity Scale version 6 day care needs score (observable entity),1,Occasional day care – 1-2 days per week,0,2020-07-01,1.6.10,225
1105641000000106,Needs and Provision Complexity Scale version 6 day care needs score,Needs and Provision Complexity Scale version 6 day care needs score (observable entity),2,Frequent day care – 3-5 days/week,0,2020-07-01,1.6.10,226
1105651000000109,Needs and Provision Complexity Scale version 6 day care provision score,Needs and Provision Complexity Scale version 6 day care provision score (observable entity),0,No provision for day care,0,2020-07-01,1.6.10,227
1105651000000109,Needs and Provision Complexity Scale version 6 day care provision score,Needs and Provision Complexity Scale version 6 day care provision score (observable entity),1,Occasional day care provided – 1-2 days per week,0,2020-07-01,1.6.10,228
1105651000000109,Needs and Provision Complexity Scale version 6 day care provision score,Needs and Provision Complexity Scale version 6 day care provision score (observable entity),2,Frequent day care provided – 3-5 days/week,0,2020-07-01,1.6.10,229
1105661000000107,Needs and Provision Complexity Scale version 6 advocacy needs score,Needs and Provision Complexity Scale version 6 advocacy needs score (observable entity)|,0,No needs for advocacy,0,2020-07-01,1.6.10,230
1105661000000107,Needs and Provision Complexity Scale version 6 advocacy needs score,Needs and Provision Complexity Scale version 6 advocacy needs score (observable entity)|,1,Mental capacity assessment required,0,2020-07-01,1.6.10,231
1105661000000107,Needs and Provision Complexity Scale version 6 advocacy needs score,Needs and Provision Complexity Scale version 6 advocacy needs score (observable entity)|,2,Independent advocacy required,0,2020-07-01,1.6.10,232
1105671000000100,Needs and Provision Complexity Scale version 6 advocacy provision score,Needs and Provision Complexity Scale version 6 advocacy provision score (observable entity),0,No provision for advocacy,0,2020-07-01,1.6.10,233
1105671000000100,Needs and Provision Complexity Scale version 6 advocacy provision score,Needs and Provision Complexity Scale version 6 advocacy provision score (observable entity),1,Received/ing mental capacity assessment,0,2020-07-01,1.6.10,234
1105671000000100,Needs and Provision Complexity Scale version 6 advocacy provision score,Needs and Provision Complexity Scale version 6 advocacy provision score (observable entity),2,Receiving Independent advocacy,0,2020-07-01,1.6.10,235
1105681000000103,Needs and Provision Complexity Scale version 6 specialist equipment needs score,Needs and Provision Complexity Scale version 6 specialist equipment needs score (observable entity),0,No specialist equipment required,0,2020-07-01,1.6.10,236
1105681000000103,Needs and Provision Complexity Scale version 6 specialist equipment needs score,Needs and Provision Complexity Scale version 6 specialist equipment needs score (observable entity),1,"Basic equipment required (eg from social services equipment store eg kitchen aids, commode, bed, hoist etc)",0,2020-07-01,1.6.10,237
1105681000000103,Needs and Provision Complexity Scale version 6 specialist equipment needs score,Needs and Provision Complexity Scale version 6 specialist equipment needs score (observable entity),2,"Specialist equipment required – equipment requiring professional assessment and provision ( eg seating, standing frames)",0,2020-07-01,1.6.10,238
1105681000000103,Needs and Provision Complexity Scale version 6 specialist equipment needs score,Needs and Provision Complexity Scale version 6 specialist equipment needs score (observable entity),3,"Highly specialist equipment required – bespoke equipment requiring professional prescription ( eg environmental control, communication aids, ventilatory support)",0,2020-07-01,1.6.10,239
1105691000000101,Needs and Provision Complexity Scale version 6 specialist equipment provision score,Needs and Provision Complexity Scale version 6 specialist equipment provision score (observable entity),0,No specialist equipment /provision inadequate,0,2020-07-01,1.6.10,240
1105691000000101,Needs and Provision Complexity Scale version 6 specialist equipment provision score,Needs and Provision Complexity Scale version 6 specialist equipment provision score (observable entity),1,"Basic equipment provided (eg from social services equipment store eg kitchen aids, commode, bed, hoist etc)",0,2020-07-01,1.6.10,241
1105691000000101,Needs and Provision Complexity Scale version 6 specialist equipment provision score,Needs and Provision Complexity Scale version 6 specialist equipment provision score (observable entity),2,"Specialist equipment provided – equipment requiring professional assessment and provision ( eg seating, standing frames)",0,2020-07-01,1.6.10,242
1105691000000101,Needs and Provision Complexity Scale version 6 specialist equipment provision score,Needs and Provision Complexity Scale version 6 specialist equipment provision score (observable entity),3,"Highly specialist equipment provided – bespoke equipment requiring professional prescription ( eg environmental control, communication aids, ventilatory support)",0,2020-07-01,1.6.10,243
1105701000000101,Needs and Provision Complexity Scale version 6 accommodation needs score,Needs and Provision Complexity Scale version 6 accommodation needs score (observable entity),0,No need for special accommodation,0,2020-07-01,1.6.10,244
1105701000000101,Needs and Provision Complexity Scale version 6 accommodation needs score,Needs and Provision Complexity Scale version 6 accommodation needs score (observable entity),1,Restricted accommodation options (eg requires ground floor or lift access accommodation),0,2020-07-01,1.6.10,245
1105701000000101,Needs and Provision Complexity Scale version 6 accommodation needs score,Needs and Provision Complexity Scale version 6 accommodation needs score (observable entity),2,"Requires partially adapted accommodation (eg rails, ramps etc)",0,2020-07-01,1.6.10,246
1105701000000101,Needs and Provision Complexity Scale version 6 accommodation needs score,Needs and Provision Complexity Scale version 6 accommodation needs score (observable entity),3,Requires fully adapted accommodation (eg fully wheelchair accessible),0,2020-07-01,1.6.10,247
1105701000000101,Needs and Provision Complexity Scale version 6 accommodation needs score,Needs and Provision Complexity Scale version 6 accommodation needs score (observable entity),4,Requires sheltered living accommodation (eg warden controlled),0,2020-07-01,1.6.10,248
1105701000000101,Needs and Provision Complexity Scale version 6 accommodation needs score,Needs and Provision Complexity Scale version 6 accommodation needs score (observable entity),5,Requires supervised living arrangement eg small group home,0,2020-07-01,1.6.10,249
1105701000000101,Needs and Provision Complexity Scale version 6 accommodation needs score,Needs and Provision Complexity Scale version 6 accommodation needs score (observable entity),6,Requires residential care home setting,0,2020-07-01,1.6.10,250
1105701000000101,Needs and Provision Complexity Scale version 6 accommodation needs score,Needs and Provision Complexity Scale version 6 accommodation needs score (observable entity),7,Requires nursing home care,0,2020-07-01,1.6.10,251
1105701000000101,Needs and Provision Complexity Scale version 6 accommodation needs score,Needs and Provision Complexity Scale version 6 accommodation needs score (observable entity),8,Requires specialist nursing home,0,2020-07-01,1.6.10,252
1105701000000101,Needs and Provision Complexity Scale version 6 accommodation needs score,Needs and Provision Complexity Scale version 6 accommodation needs score (observable entity),9,Requires Hospice care,0,2020-07-01,1.6.10,253
1105711000000104,Needs and Provision Complexity Scale version 6 accommodation provision score,Needs and Provision Complexity Scale version 6 accommodation provision score (observable entity),0,No need for special accommodation,0,2020-07-01,1.6.10,254
1105711000000104,Needs and Provision Complexity Scale version 6 accommodation provision score,Needs and Provision Complexity Scale version 6 accommodation provision score (observable entity),1,Restricted accommodation options (eg requires ground floor or lift access accommodation),0,2020-07-01,1.6.10,255
1105711000000104,Needs and Provision Complexity Scale version 6 accommodation provision score,Needs and Provision Complexity Scale version 6 accommodation provision score (observable entity),2,Has partially adapted accommodation (e.g. ramps rails etc),0,2020-07-01,1.6.10,256
1105711000000104,Needs and Provision Complexity Scale version 6 accommodation provision score,Needs and Provision Complexity Scale version 6 accommodation provision score (observable entity),3,Has fully adapted accommodation (e.g. fully wheelchair accessible),0,2020-07-01,1.6.10,257
1105711000000104,Needs and Provision Complexity Scale version 6 accommodation provision score,Needs and Provision Complexity Scale version 6 accommodation provision score (observable entity),4,Has sheltered living accommodation (e.g. warden controlled),0,2020-07-01,1.6.10,258
1105711000000104,Needs and Provision Complexity Scale version 6 accommodation provision score,Needs and Provision Complexity Scale version 6 accommodation provision score (observable entity),5,Has supervised living arrangment e.g. small group home,0,2020-07-01,1.6.10,259
1105711000000104,Needs and Provision Complexity Scale version 6 accommodation provision score,Needs and Provision Complexity Scale version 6 accommodation provision score (observable entity),6,Has residential care home setting,0,2020-07-01,1.6.10,260
1105711000000104,Needs and Provision Complexity Scale version 6 accommodation provision score,Needs and Provision Complexity Scale version 6 accommodation provision score (observable entity),7,Has nursing home care,0,2020-07-01,1.6.10,261
1105711000000104,Needs and Provision Complexity Scale version 6 accommodation provision score,Needs and Provision Complexity Scale version 6 accommodation provision score (observable entity),8,Has specialist nursing home,0,2020-07-01,1.6.10,262
1105711000000104,Needs and Provision Complexity Scale version 6 accommodation provision score,Needs and Provision Complexity Scale version 6 accommodation provision score (observable entity),9,Has hospice care,0,2020-07-01,1.6.10,263
1324921000000106,Early Language Identification Measure word list,Early Language Identification Measure word list score (observable entity),0-50,,0,2021-07-01,1.6.10,370
1324931000000108,Early Language Identification Measure observation score,Early Language Identification Measure observation score (observable entity),0-6,,0,2021-07-01,1.6.10,369
718426000,Warwick-Edinburgh Mental Well-being Scale (WEMWBS),Warwick-Edinburgh Mental Well-being Scale score,14-70,,0,2022-07-01,1.6.10,372
718466001,Short Warwick-Edinburgh Mental Well-being Scale (SWEMWBS),Short Warwick-Edinburgh Mental Well-being Scale score,7-35,,0,2022-07-01,1.6.10,373
736534008,EuroQol Five Dimension Five Level index value,EuroQol five dimension five level index value (observable entity),See comments,See comments,0,2023-01-01,1.6.10,375
736535009,EuroQol Five Dimension Five Level visual analogue scale,EuroQol visual analogue score (observable entity),0-100,,0,2023-01-01,1.6.10,406
763264000,Canadian Study of Health and Aging Clinical Frailty Scale score,Canadian Study of Health and Aging Clinical Frailty Scale score (observable entity),1,Very Fit,0,2020-07-01,1.6.10,357
763264000,Canadian Study of Health and Aging Clinical Frailty Scale score,Canadian Study of Health and Aging Clinical Frailty Scale score (observable entity),2,Well,0,2020-07-01,1.6.10,358
763264000,Canadian Study of Health and Aging Clinical Frailty Scale score,Canadian Study of Health and Aging Clinical Frailty Scale score (observable entity),3,Managing Well,0,2020-07-01,1.6.10,359
763264000,Canadian Study of Health and Aging Clinical Frailty Scale score,Canadian Study of Health and Aging Clinical Frailty Scale score (observable entity),4,Vulnerable,0,2020-07-01,1.6.10,360
763264000,Canadian Study of Health and Aging Clinical Frailty Scale score,Canadian Study of Health and Aging Clinical Frailty Scale score (observable entity),5,Mildly Frail,0,2020-07-01,1.6.10,361
763264000,Canadian Study of Health and Aging Clinical Frailty Scale score,Canadian Study of Health and Aging Clinical Frailty Scale score (observable entity),6,Moderately Frail,0,2020-07-01,1.6.10,362
763264000,Canadian Study of Health and Aging Clinical Frailty Scale score,Canadian Study of Health and Aging Clinical Frailty Scale score (observable entity),7,Severely Frail,0,2020-07-01,1.6.10,363
763264000,Canadian Study of Health and Aging Clinical Frailty Scale score,Canadian Study of Health and Aging Clinical Frailty Scale score (observable entity),8,Very Severely Frail,0,2020-07-01,1.6.10,364
763264000,Canadian Study of Health and Aging Clinical Frailty Scale score,Canadian Study of Health and Aging Clinical Frailty Scale score (observable entity),9,Terminally ill,0,2020-07-01,1.6.10,365
821551000000108,EuroQol Five Dimension Five Level mobility score,EuroQol five dimension five level mobility score (observable entity),1,No problems,0,2023-01-01,1.6.10,376
821551000000108,EuroQol Five Dimension Five Level mobility score,EuroQol five dimension five level mobility score (observable entity),2,Slight problems,0,2023-01-01,1.6.10,377
821551000000108,EuroQol Five Dimension Five Level mobility score,EuroQol five dimension five level mobility score (observable entity),3,Moderate problems,0,2023-01-01,1.6.10,378
821551000000108,EuroQol Five Dimension Five Level mobility score,EuroQol five dimension five level mobility score (observable entity),4,Severe problems,0,2023-01-01,1.6.10,379
821551000000108,EuroQol Five Dimension Five Level mobility score,EuroQol five dimension five level mobility score (observable entity),5,Unable to,0,2023-01-01,1.6.10,380
821551000000108,EuroQol Five Dimension Five Level mobility score,EuroQol five dimension five level mobility score (observable entity),9,Missing value,0,2023-01-01,1.6.10,381
821561000000106,EuroQol Five Dimension Five Level self-care score,EuroQol five dimension five level self-care score (observable entity),1,No problems,0,2023-01-01,1.6.10,382
821561000000106,EuroQol Five Dimension Five Level self-care score,EuroQol five dimension five level self-care score (observable entity),2,Slight problems,0,2023-01-01,1.6.10,383
821561000000106,EuroQol Five Dimension Five Level self-care score,EuroQol five dimension five level self-care score (observable entity),3,Moderate problems,0,2023-01-01,1.6.10,384
821561000000106,EuroQol Five Dimension Five Level self-care score,EuroQol five dimension five level self-care score (observable entity),4,Severe problems,0,2023-01-01,1.6.10,385
821561000000106,EuroQol Five Dimension Five Level self-care score,EuroQol five dimension five level self-care score (observable entity),5,Unable to,0,2023-01-01,1.6.10,386
821561000000106,EuroQol Five Dimension Five Level self-care score,EuroQol five dimension five level self-care score (observable entity),9,Missing value,0,2023-01-01,1.6.10,387
821581000000102,EuroQol Five Dimension Five Level usual activities score,EuroQol five dimension five level usual activities score (observable entity),1,No problems,0,2023-01-01,1.6.10,388
821581000000102,EuroQol Five Dimension Five Level usual activities score,EuroQol five dimension five level usual activities score (observable entity),2,Slight problems,0,2023-01-01,1.6.10,389
821581000000102,EuroQol Five Dimension Five Level usual activities score,EuroQol five dimension five level usual activities score (observable entity),3,Moderate problems,0,2023-01-01,1.6.10,390
821581000000102,EuroQol Five Dimension Five Level usual activities score,EuroQol five dimension five level usual activities score (observable entity),4,Severe problems,0,2023-01-01,1.6.10,391
821581000000102,EuroQol Five Dimension Five Level usual activities score,EuroQol five dimension five level usual activities score (observable entity),5,Unable to,0,2023-01-01,1.6.10,392
821581000000102,EuroQol Five Dimension Five Level usual activities score,EuroQol five dimension five level usual activities score (observable entity),9,Missing value,0,2023-01-01,1.6.10,393
821591000000100,EuroQol Five Dimension Five Level pain discomfort score,EuroQol five dimension five level pain discomfort score (observable entity),1,No pain,0,2023-01-01,1.6.10,394
821591000000100,EuroQol Five Dimension Five Level pain discomfort score,EuroQol five dimension five level pain discomfort score (observable entity),2,Slight pain,0,2023-01-01,1.6.10,395
821591000000100,EuroQol Five Dimension Five Level pain discomfort score,EuroQol five dimension five level pain discomfort score (observable entity),3,Moderate pain,0,2023-01-01,1.6.10,396
821591000000100,EuroQol Five Dimension Five Level pain discomfort score,EuroQol five dimension five level pain discomfort score (observable entity),4,Severe pain,0,2023-01-01,1.6.10,397
821591000000100,EuroQol Five Dimension Five Level pain discomfort score,EuroQol five dimension five level pain discomfort score (observable entity),5,Extreme pain,0,2023-01-01,1.6.10,398
821591000000100,EuroQol Five Dimension Five Level pain discomfort score,EuroQol five dimension five level pain discomfort score (observable entity),9,Missing value,0,2023-01-01,1.6.10,399
821611000000108,EuroQol Five Dimension Five Level anxiety depression score,EuroQol five dimension five level anxiety depression score (observable entity),1,Not anxious,0,2023-01-01,1.6.10,400
821611000000108,EuroQol Five Dimension Five Level anxiety depression score,EuroQol five dimension five level anxiety depression score (observable entity),2,Slightly anxious,0,2023-01-01,1.6.10,401
821611000000108,EuroQol Five Dimension Five Level anxiety depression score,EuroQol five dimension five level anxiety depression score (observable entity),3,Moderately anxious,0,2023-01-01,1.6.10,402
821611000000108,EuroQol Five Dimension Five Level anxiety depression score,EuroQol five dimension five level anxiety depression score (observable entity),4,Severely anxious,0,2023-01-01,1.6.10,403
821611000000108,EuroQol Five Dimension Five Level anxiety depression score,EuroQol five dimension five level anxiety depression score (observable entity),5,Extremely anxious,0,2023-01-01,1.6.10,404
821611000000108,EuroQol Five Dimension Five Level anxiety depression score,EuroQol five dimension five level anxiety depression score (observable entity),9,Missing value,0,2023-01-01,1.6.10,405
901671000000100,Australia-modified Karnofsky Performance Status scale score,Australia-modified Karnofsky Performance Status scale score (observable entity),0,Dead,0,2020-07-01,1.6.10,138
901671000000100,Australia-modified Karnofsky Performance Status scale score,Australia-modified Karnofsky Performance Status scale score (observable entity),10,Moribund; fatal processes progressing rapidly.,0,2020-07-01,1.6.10,137
901671000000100,Australia-modified Karnofsky Performance Status scale score,Australia-modified Karnofsky Performance Status scale score (observable entity),100,Normal no complaints; no evidence of disease.,0,2020-07-01,1.6.10,128
901671000000100,Australia-modified Karnofsky Performance Status scale score,Australia-modified Karnofsky Performance Status scale score (observable entity),20,Very sick; hospital admission necessary;active supportive treatment necessary.,0,2020-07-01,1.6.10,136
901671000000100,Australia-modified Karnofsky Performance Status scale score,Australia-modified Karnofsky Performance Status scale score (observable entity),30,Severely disabled; hospital admission is indicated although death not imminent.,0,2020-07-01,1.6.10,135
901671000000100,Australia-modified Karnofsky Performance Status scale score,Australia-modified Karnofsky Performance Status scale score (observable entity),40,Disabled; requires special care and assistance.,0,2020-07-01,1.6.10,134
901671000000100,Australia-modified Karnofsky Performance Status scale score,Australia-modified Karnofsky Performance Status scale score (observable entity),50,Requires considerable assistance and frequent medical care.,0,2020-07-01,1.6.10,133
901671000000100,Australia-modified Karnofsky Performance Status scale score,Australia-modified Karnofsky Performance Status scale score (observable entity),60,"Requires occasional assistance, but is able to care for most of his personal needs.",0,2020-07-01,1.6.10,132
901671000000100,Australia-modified Karnofsky Performance Status scale score,Australia-modified Karnofsky Performance Status scale score (observable entity),70,Cares for self; unable to carry on normal activity or to do active work.,0,2020-07-01,1.6.10,131
901671000000100,Australia-modified Karnofsky Performance Status scale score,Australia-modified Karnofsky Performance Status scale score (observable entity),80,Normal activity with effort; some signs or symptoms of disease.,0,2020-07-01,1.6.10,130
901671000000100,Australia-modified Karnofsky Performance Status scale score,Australia-modified Karnofsky Performance Status scale score (observable entity),90,Able to carry on normal activity; minor signs or symptoms of disease.,0,2020-07-01,1.6.10,129
952611000000105,ASQ-3 (Ages and Stages Questionnaires Third Edition) 2 month questionnaire,ASQ-3 (Ages and Stages Questionnaires Third Edition) 2 month questionnaire - communication score,0 - 60.0,,1,2017-10-01,1.6.10,12
952621000000104,ASQ-3 (Ages and Stages Questionnaires Third Edition) 2 month questionnaire,ASQ-3 (Ages and Stages Questionnaires Third Edition) 2 month questionnaire - fine motor score,0 - 60.0,,1,2017-10-01,1.6.10,13
952631000000102,ASQ-3 (Ages and Stages Questionnaires Third Edition) 2 month questionnaire,ASQ-3 (Ages and Stages Questionnaires Third Edition) 2 month questionnaire - gross motor score,0 - 60.0,,1,2017-10-01,1.6.10,14
952641000000106,ASQ-3 (Ages and Stages Questionnaires Third Edition) 2 month questionnaire,ASQ-3 (Ages and Stages Questionnaires Third Edition) 2 month questionnaire - problem solving score,0 - 60.0,,1,2017-10-01,1.6.10,16
952651000000109,ASQ-3 (Ages and Stages Questionnaires Third Edition) 2 month questionnaire,ASQ-3 (Ages and Stages Questionnaires Third Edition) 2 month questionnaire - personal-social score,0 - 60.0,,1,2017-10-01,1.6.10,15
952661000000107,ASQ-3 (Ages and Stages Questionnaires Third Edition) 4 month questionnaire,ASQ-3 (Ages and Stages Questionnaires Third Edition) 4 month questionnaire - communication score,0 - 60.0,,1,2017-10-01,1.6.10,17
952671000000100,ASQ-3 (Ages and Stages Questionnaires Third Edition) 4 month questionnaire,ASQ-3 (Ages and Stages Questionnaires Third Edition) 4 month questionnaire - fine motor score,0 - 60.0,,1,2017-10-01,1.6.10,18
952681000000103,ASQ-3 (Ages and Stages Questionnaires Third Edition) 4 month questionnaire,ASQ-3 (Ages and Stages Questionnaires Third Edition) 4 month questionnaire - gross motor score,0 - 60.0,,1,2017-10-01,1.6.10,19
952691000000101,ASQ-3 (Ages and Stages Questionnaires Third Edition) 4 month questionnaire,ASQ-3 (Ages and Stages Questionnaires Third Edition) 4 month questionnaire - problem solving score,0 - 60.0,,1,2017-10-01,1.6.10,21
952701000000101,ASQ-3 (Ages and Stages Questionnaires Third Edition) 4 month questionnaire,ASQ-3 (Ages and Stages Questionnaires Third Edition) 4 month questionnaire - personal-social score,0 - 60.0,,1,2017-10-01,1.6.10,20
952711000000104,ASQ-3 (Ages and Stages Questionnaires Third Edition) 6 month questionnaire,ASQ-3 (Ages and Stages Questionnaires Third Edition) 6 month questionnaire - communication score,0 - 60.0,,1,2017-10-01,1.6.10,22
952721000000105,ASQ-3 (Ages and Stages Questionnaires Third Edition) 6 month questionnaire,ASQ-3 (Ages and Stages Questionnaires Third Edition) 6 month questionnaire - fine motor score,0 - 60.0,,1,2017-10-01,1.6.10,23
952731000000107,ASQ-3 (Ages and Stages Questionnaires Third Edition) 6 month questionnaire,ASQ-3 (Ages and Stages Questionnaires Third Edition) 6 month questionnaire - gross motor score,0 - 60.0,,1,2017-10-01,1.6.10,24
952741000000103,ASQ-3 (Ages and Stages Questionnaires Third Edition) 6 month questionnaire,ASQ-3 (Ages and Stages Questionnaires Third Edition) 6 month questionnaire - problem solving score,0 - 60.0,,1,2017-10-01,1.6.10,26
952751000000100,ASQ-3 (Ages and Stages Questionnaires Third Edition) 6 month questionnaire,ASQ-3 (Ages and Stages Questionnaires Third Edition) 6 month questionnaire - personal-social score,0 - 60.0,,1,2017-10-01,1.6.10,25
952761000000102,ASQ-3 (Ages and Stages Questionnaires Third Edition) 8 month questionnaire,ASQ-3 (Ages and Stages Questionnaires Third Edition) 8 month questionnaire - communication score,0 - 60.0,,1,2017-10-01,1.6.10,27
952771000000109,ASQ-3 (Ages and Stages Questionnaires Third Edition) 8 month questionnaire,ASQ-3 (Ages and Stages Questionnaires Third Edition) 8 month questionnaire - fine motor score,0 - 60.0,,1,2017-10-01,1.6.10,28
952781000000106,ASQ-3 (Ages and Stages Questionnaires Third Edition) 8 month questionnaire,ASQ-3 (Ages and Stages Questionnaires Third Edition) 8 month questionnaire - gross motor score,0 - 60.0,,1,2017-10-01,1.6.10,29
952791000000108,ASQ-3 (Ages and Stages Questionnaires Third Edition) 8 month questionnaire,ASQ-3 (Ages and Stages Questionnaires Third Edition) 8 month questionnaire - problem solving score,0 - 60.0,,1,2017-10-01,1.6.10,31
952801000000107,ASQ-3 (Ages and Stages Questionnaires Third Edition) 8 month questionnaire,ASQ-3 (Ages and Stages Questionnaires Third Edition) 8 month questionnaire - personal-social score,0 - 60.0,,1,2017-10-01,1.6.10,30
952811000000109,ASQ-3 (Ages and Stages Questionnaires Third Edition) 9 month questionnaire,ASQ-3 (Ages and Stages Questionnaires Third Edition) 9 month questionnaire - communication score,0 - 60.0,,1,2017-10-01,1.6.10,32
952821000000103,ASQ-3 (Ages and Stages Questionnaires Third Edition) 9 month questionnaire,ASQ-3 (Ages and Stages Questionnaires Third Edition) 9 month questionnaire - fine motor score,0 - 60.0,,1,2017-10-01,1.6.10,33
952831000000101,ASQ-3 (Ages and Stages Questionnaires Third Edition) 9 month questionnaire,ASQ-3 (Ages and Stages Questionnaires Third Edition) 9 month questionnaire - gross motor score,0 - 60.0,,1,2017-10-01,1.6.10,34
952841000000105,ASQ-3 (Ages and Stages Questionnaires Third Edition) 9 month questionnaire,ASQ-3 (Ages and Stages Questionnaires Third Edition) 9 month questionnaire - problem solving score,0 - 60.0,,1,2017-10-01,1.6.10,36
952851000000108,ASQ-3 (Ages and Stages Questionnaires Third Edition) 9 month questionnaire,ASQ-3 (Ages and Stages Questionnaires Third Edition) 9 month questionnaire - personal-social score,0 - 60.0,,1,2017-10-01,1.6.10,35
952861000000106,ASQ-3 (Ages and Stages Questionnaires Third Edition) 10 month questionnaire,ASQ-3 (Ages and Stages Questionnaires Third Edition) 10 month questionnaire - communication score,0 - 60.0,,1,2017-10-01,1.6.10,37
952871000000104,ASQ-3 (Ages and Stages Questionnaires Third Edition) 10 month questionnaire,ASQ-3 (Ages and Stages Questionnaires Third Edition) 10 month questionnaire - fine motor score,0 - 60.0,,1,2017-10-01,1.6.10,38
952881000000102,ASQ-3 (Ages and Stages Questionnaires Third Edition) 10 month questionnaire,ASQ-3 (Ages and Stages Questionnaires Third Edition) 10 month questionnaire - gross motor score,0 - 60.0,,1,2017-10-01,1.6.10,39
952891000000100,ASQ-3 (Ages and Stages Questionnaires Third Edition) 10 month questionnaire,ASQ-3 (Ages and Stages Questionnaires Third Edition) 10 month questionnaire - problem solving score,0 - 60.0,,1,2017-10-01,1.6.10,41
952901000000104,ASQ-3 (Ages and Stages Questionnaires Third Edition) 10 month questionnaire,ASQ-3 (Ages and Stages Questionnaires Third Edition) 10 month questionnaire - personal-social score,0 - 60.0,,1,2017-10-01,1.6.10,40
952911000000102,ASQ-3 (Ages and Stages Questionnaires Third Edition) 12 month questionnaire,ASQ-3 (Ages and Stages Questionnaires Third Edition) 12 month questionnaire - communication score,0 - 60.0,,1,2017-10-01,1.6.10,42
952921000000108,ASQ-3 (Ages and Stages Questionnaires Third Edition) 12 month questionnaire,ASQ-3 (Ages and Stages Questionnaires Third Edition) 12 month questionnaire - fine motor score,0 - 60.0,,1,2017-10-01,1.6.10,43
952931000000105,ASQ-3 (Ages and Stages Questionnaires Third Edition) 12 month questionnaire,ASQ-3 (Ages and Stages Questionnaires Third Edition) 12 month questionnaire - gross motor score,0 - 60.0,,1,2017-10-01,1.6.10,44
952941000000101,ASQ-3 (Ages and Stages Questionnaires Third Edition) 12 month questionnaire,ASQ-3 (Ages and Stages Questionnaires Third Edition) 12 month questionnaire - problem solving score,0 - 60.0,,1,2017-10-01,1.6.10,46
952951000000103,ASQ-3 (Ages and Stages Questionnaires Third Edition) 12 month questionnaire,ASQ-3 (Ages and Stages Questionnaires Third Edition) 12 month questionnaire - personal-social score,0 - 60.0,,1,2017-10-01,1.6.10,45
952961000000100,ASQ-3 (Ages and Stages Questionnaires Third Edition) 14 month questionnaire,ASQ-3 (Ages and Stages Questionnaires Third Edition) 14 month questionnaire - communication score,0 - 60.0,,1,2017-10-01,1.6.10,47
952971000000107,ASQ-3 (Ages and Stages Questionnaires Third Edition) 14 month questionnaire,ASQ-3 (Ages and Stages Questionnaires Third Edition) 14 month questionnaire - fine motor score,0 - 60.0,,1,2017-10-01,1.6.10,48
952981000000109,ASQ-3 (Ages and Stages Questionnaires Third Edition) 14 month questionnaire,ASQ-3 (Ages and Stages Questionnaires Third Edition) 14 month questionnaire - gross motor score,0 - 60.0,,1,2017-10-01,1.6.10,49
952991000000106,ASQ-3 (Ages and Stages Questionnaires Third Edition) 14 month questionnaire,ASQ-3 (Ages and Stages Questionnaires Third Edition) 14 month questionnaire - problem solving score,0 - 60.0,,1,2017-10-01,1.6.10,51
953001000000105,ASQ-3 (Ages and Stages Questionnaires Third Edition) 14 month questionnaire,ASQ-3 (Ages and Stages Questionnaires Third Edition) 14 month questionnaire - personal-social score,0 - 60.0,,1,2017-10-01,1.6.10,50
953011000000107,ASQ-3 (Ages and Stages Questionnaires Third Edition) 16 month questionnaire,ASQ-3 (Ages and Stages Questionnaires Third Edition) 16 month questionnaire - communication score,0 - 60.0,,1,2017-10-01,1.6.10,52
953021000000101,ASQ-3 (Ages and Stages Questionnaires Third Edition) 16 month questionnaire,ASQ-3 (Ages and Stages Questionnaires Third Edition) 16 month questionnaire - fine motor score,0 - 60.0,,1,2017-10-01,1.6.10,53
953031000000104,ASQ-3 (Ages and Stages Questionnaires Third Edition) 16 month questionnaire,ASQ-3 (Ages and Stages Questionnaires Third Edition) 16 month questionnaire - gross motor score,0 - 60.0,,1,2017-10-01,1.6.10,54
953041000000108,ASQ-3 (Ages and Stages Questionnaires Third Edition) 16 month questionnaire,ASQ-3 (Ages and Stages Questionnaires Third Edition) 16 month questionnaire - problem solving score,0 - 60.0,,1,2017-10-01,1.6.10,56
953051000000106,ASQ-3 (Ages and Stages Questionnaires Third Edition) 16 month questionnaire,ASQ-3 (Ages and Stages Questionnaires Third Edition) 16 month questionnaire - personal-social score,0 - 60.0,,1,2017-10-01,1.6.10,55
953061000000109,ASQ-3 (Ages and Stages Questionnaires Third Edition) 18 month questionnaire,ASQ-3 (Ages and Stages Questionnaires Third Edition) 18 month questionnaire - communication score,0 - 60.0,,1,2017-10-01,1.6.10,57
953071000000102,ASQ-3 (Ages and Stages Questionnaires Third Edition) 18 month questionnaire,ASQ-3 (Ages and Stages Questionnaires Third Edition) 18 month questionnaire - fine motor score,0 - 60.0,,1,2017-10-01,1.6.10,58
953081000000100,ASQ-3 (Ages and Stages Questionnaires Third Edition) 18 month questionnaire,ASQ-3 (Ages and Stages Questionnaires Third Edition) 18 month questionnaire - gross motor score,0 - 60.0,,1,2017-10-01,1.6.10,59
953091000000103,ASQ-3 (Ages and Stages Questionnaires Third Edition) 18 month questionnaire,ASQ-3 (Ages and Stages Questionnaires Third Edition) 18 month questionnaire - problem solving score,0 - 60.0,,1,2017-10-01,1.6.10,61
953101000000106,ASQ-3 (Ages and Stages Questionnaires Third Edition) 18 month questionnaire,ASQ-3 (Ages and Stages Questionnaires Third Edition) 18 month questionnaire - personal-social score,0 - 60.0,,1,2017-10-01,1.6.10,60
953111000000108,ASQ-3 (Ages and Stages Questionnaires Third Edition) 20 month questionnaire,ASQ-3 (Ages and Stages Questionnaires Third Edition) 20 month questionnaire - communication score,0 - 60.0,,1,2017-10-01,1.6.10,62
953121000000102,ASQ-3 (Ages and Stages Questionnaires Third Edition) 20 month questionnaire,ASQ-3 (Ages and Stages Questionnaires Third Edition) 20 month questionnaire - fine motor score,0 - 60.0,,1,2017-10-01,1.6.10,63
953131000000100,ASQ-3 (Ages and Stages Questionnaires Third Edition) 20 month questionnaire,ASQ-3 (Ages and Stages Questionnaires Third Edition) 20 month questionnaire - gross motor score,0 - 60.0,,1,2017-10-01,1.6.10,64
953141000000109,ASQ-3 (Ages and Stages Questionnaires Third Edition) 20 month questionnaire,ASQ-3 (Ages and Stages Questionnaires Third Edition) 20 month questionnaire - problem solving score,0 - 60.0,,1,2017-10-01,1.6.10,66
953151000000107,ASQ-3 (Ages and Stages Questionnaires Third Edition) 20 month questionnaire,ASQ-3 (Ages and Stages Questionnaires Third Edition) 20 month questionnaire - personal-social score,0 - 60.0,,1,2017-10-01,1.6.10,65
953161000000105,ASQ-3 (Ages and Stages Questionnaires Third Edition) 22 month questionnaire,ASQ-3 (Ages and Stages Questionnaires Third Edition) 22 month questionnaire - communication score,0 - 60.0,,1,2017-10-01,1.6.10,67
953171000000103,ASQ-3 (Ages and Stages Questionnaires Third Edition) 22 month questionnaire,ASQ-3 (Ages and Stages Questionnaires Third Edition) 22 month questionnaire - fine motor score,0 - 60.0,,1,2017-10-01,1.6.10,68
953181000000101,ASQ-3 (Ages and Stages Questionnaires Third Edition) 22 month questionnaire,ASQ-3 (Ages and Stages Questionnaires Third Edition) 22 month questionnaire - gross motor score,0 - 60.0,,1,2017-10-01,1.6.10,69
953191000000104,ASQ-3 (Ages and Stages Questionnaires Third Edition) 22 month questionnaire,ASQ-3 (Ages and Stages Questionnaires Third Edition) 22 month questionnaire - problem solving score,0 - 60.0,,1,2017-10-01,1.6.10,71
953201000000102,ASQ-3 (Ages and Stages Questionnaires Third Edition) 22 month questionnaire,ASQ-3 (Ages and Stages Questionnaires Third Edition) 22 month questionnaire - personal-social score,0 - 60.0,,1,2017-10-01,1.6.10,70
953211000000100,ASQ-3 (Ages and Stages Questionnaires Third Edition) 24 month questionnaire,ASQ-3 (Ages and Stages Questionnaires Third Edition) 24 month questionnaire - communication score,0 - 60.0,,1,2017-10-01,1.6.10,72
953221000000106,ASQ-3 (Ages and Stages Questionnaires Third Edition) 24 month questionnaire,ASQ-3 (Ages and Stages Questionnaires Third Edition) 24 month questionnaire - fine motor score,0 - 60.0,,1,2017-10-01,1.6.10,73
953231000000108,ASQ-3 (Ages and Stages Questionnaires Third Edition) 24 month questionnaire,ASQ-3 (Ages and Stages Questionnaires Third Edition) 24 month questionnaire - gross motor score,0 - 60.0,,1,2017-10-01,1.6.10,74
953241000000104,ASQ-3 (Ages and Stages Questionnaires Third Edition) 24 month questionnaire,ASQ-3 (Ages and Stages Questionnaires Third Edition) 24 month questionnaire - problem solving score,0 - 60.0,,1,2017-10-01,1.6.10,76
953251000000101,ASQ-3 (Ages and Stages Questionnaires Third Edition) 24 month questionnaire,ASQ-3 (Ages and Stages Questionnaires Third Edition) 24 month questionnaire - personal-social score,0 - 60.0,,1,2017-10-01,1.6.10,75
953261000000103,ASQ-3 (Ages and Stages Questionnaires Third Edition) 27 month questionnaire,ASQ-3 (Ages and Stages Questionnaires Third Edition) 27 month questionnaire - communication score,0 - 60.0,,1,2017-10-01,1.6.10,77
953271000000105,ASQ-3 (Ages and Stages Questionnaires Third Edition) 27 month questionnaire,ASQ-3 (Ages and Stages Questionnaires Third Edition) 27 month questionnaire - fine motor score,0 - 60.0,,1,2017-10-01,1.6.10,78
953281000000107,ASQ-3 (Ages and Stages Questionnaires Third Edition) 27 month questionnaire,ASQ-3 (Ages and Stages Questionnaires Third Edition) 27 month questionnaire - gross motor score,0 - 60.0,,1,2017-10-01,1.6.10,79
953291000000109,ASQ-3 (Ages and Stages Questionnaires Third Edition) 27 month questionnaire,ASQ-3 (Ages and Stages Questionnaires Third Edition) 27 month questionnaire - problem solving score,0 - 60.0,,1,2017-10-01,1.6.10,81
953301000000108,ASQ-3 (Ages and Stages Questionnaires Third Edition) 27 month questionnaire,ASQ-3 (Ages and Stages Questionnaires Third Edition) 27 month questionnaire - personal-social score,0 - 60.0,,1,2017-10-01,1.6.10,80
953311000000105,ASQ-3 (Ages and Stages Questionnaires Third Edition) 30 month questionnaire,ASQ-3 (Ages and Stages Questionnaires Third Edition) 30 month questionnaire - communication score,0 - 60.0,,1,2017-10-01,1.6.10,82
953321000000104,ASQ-3 (Ages and Stages Questionnaires Third Edition) 30 month questionnaire,ASQ-3 (Ages and Stages Questionnaires Third Edition) 30 month questionnaire - fine motor score,0 - 60.0,,1,2017-10-01,1.6.10,83
953331000000102,ASQ-3 (Ages and Stages Questionnaires Third Edition) 30 month questionnaire,ASQ-3 (Ages and Stages Questionnaires Third Edition) 30 month questionnaire - gross motor score,0 - 60.0,,1,2017-10-01,1.6.10,84
953341000000106,ASQ-3 (Ages and Stages Questionnaires Third Edition) 30 month questionnaire,ASQ-3 (Ages and Stages Questionnaires Third Edition) 30 month questionnaire - problem solving score,0 - 60.0,,1,2017-10-01,1.6.10,86
953351000000109,ASQ-3 (Ages and Stages Questionnaires Third Edition) 30 month questionnaire,ASQ-3 (Ages and Stages Questionnaires Third Edition) 30 month questionnaire - personal-social score,0 - 60.0,,1,2017-10-01,1.6.10,85
953361000000107,ASQ-3 (Ages and Stages Questionnaires Third Edition) 33 month questionnaire,ASQ-3 (Ages and Stages Questionnaires Third Edition) 33 month questionnaire - communication score,0 - 60.0,,1,2017-10-01,1.6.10,87
953371000000100,ASQ-3 (Ages and Stages Questionnaires Third Edition) 33 month questionnaire,ASQ-3 (Ages and Stages Questionnaires Third Edition) 33 month questionnaire - fine motor score,0 - 60.0,,1,2017-10-01,1.6.10,88
953381000000103,ASQ-3 (Ages and Stages Questionnaires Third Edition) 33 month questionnaire,ASQ-3 (Ages and Stages Questionnaires Third Edition) 33 month questionnaire - gross motor score,0 - 60.0,,1,2017-10-01,1.6.10,89
953391000000101,ASQ-3 (Ages and Stages Questionnaires Third Edition) 33 month questionnaire,ASQ-3 (Ages and Stages Questionnaires Third Edition) 33 month questionnaire - problem solving score,0 - 60.0,,1,2017-10-01,1.6.10,91
953401000000103,ASQ-3 (Ages and Stages Questionnaires Third Edition) 33 month questionnaire,ASQ-3 (Ages and Stages Questionnaires Third Edition) 33 month questionnaire - personal-social score,0 - 60.0,,1,2017-10-01,1.6.10,90
953411000000101,ASQ-3 (Ages and Stages Questionnaires Third Edition) 36 month questionnaire,ASQ-3 (Ages and Stages Questionnaires Third Edition) 36 month questionnaire - communication score,0 - 60.0,,1,2017-10-01,1.6.10,92
953421000000107,ASQ-3 (Ages and Stages Questionnaires Third Edition) 36 month questionnaire,ASQ-3 (Ages and Stages Questionnaires Third Edition) 36 month questionnaire - fine motor score,0 - 60.0,,1,2017-10-01,1.6.10,93
953431000000109,ASQ-3 (Ages and Stages Questionnaires Third Edition) 36 month questionnaire,ASQ-3 (Ages and Stages Questionnaires Third Edition) 36 month questionnaire - gross motor score,0 - 60.0,,1,2017-10-01,1.6.10,94
953441000000100,ASQ-3 (Ages and Stages Questionnaires Third Edition) 36 month questionnaire,ASQ-3 (Ages and Stages Questionnaires Third Edition) 36 month questionnaire - problem solving score,0 - 60.0,,1,2017-10-01,1.6.10,96
953451000000102,ASQ-3 (Ages and Stages Questionnaires Third Edition) 36 month questionnaire,ASQ-3 (Ages and Stages Questionnaires Third Edition) 36 month questionnaire - personal-social score,0 - 60.0,,1,2017-10-01,1.6.10,95
953461000000104,ASQ-3 (Ages and Stages Questionnaires Third Edition) 42 month questionnaire,ASQ-3 (Ages and Stages Questionnaires Third Edition) 42 month questionnaire - communication score,0 - 60.0,,1,2017-10-01,1.6.10,97
953471000000106,ASQ-3 (Ages and Stages Questionnaires Third Edition) 42 month questionnaire,ASQ-3 (Ages and Stages Questionnaires Third Edition) 42 month questionnaire - fine motor score,0 - 60.0,,1,2017-10-01,1.6.10,98
953481000000108,ASQ-3 (Ages and Stages Questionnaires Third Edition) 42 month questionnaire,ASQ-3 (Ages and Stages Questionnaires Third Edition) 42 month questionnaire - gross motor score,0 - 60.0,,1,2017-10-01,1.6.10,99
953491000000105,ASQ-3 (Ages and Stages Questionnaires Third Edition) 42 month questionnaire,ASQ-3 (Ages and Stages Questionnaires Third Edition) 42 month questionnaire - problem solving score,0 - 60.0,,1,2017-10-01,1.6.10,101
953501000000104,ASQ-3 (Ages and Stages Questionnaires Third Edition) 42 month questionnaire,ASQ-3 (Ages and Stages Questionnaires Third Edition) 42 month questionnaire - personal-social score,0 - 60.0,,1,2017-10-01,1.6.10,100
953511000000102,ASQ-3 (Ages and Stages Questionnaires Third Edition) 48 month questionnaire,ASQ-3 (Ages and Stages Questionnaires Third Edition) 48 month questionnaire - communication score,0 - 60.0,,1,2017-10-01,1.6.10,102
953521000000108,ASQ-3 (Ages and Stages Questionnaires Third Edition) 48 month questionnaire,ASQ-3 (Ages and Stages Questionnaires Third Edition) 48 month questionnaire - fine motor score,0 - 60.0,,1,2017-10-01,1.6.10,103
953531000000105,ASQ-3 (Ages and Stages Questionnaires Third Edition) 48 month questionnaire,ASQ-3 (Ages and Stages Questionnaires Third Edition) 48 month questionnaire - gross motor score,0 - 60.0,,1,2017-10-01,1.6.10,104
953541000000101,ASQ-3 (Ages and Stages Questionnaires Third Edition) 48 month questionnaire,ASQ-3 (Ages and Stages Questionnaires Third Edition) 48 month questionnaire - problem solving score,0 - 60.0,,1,2017-10-01,1.6.10,106
953551000000103,ASQ-3 (Ages and Stages Questionnaires Third Edition) 48 month questionnaire,ASQ-3 (Ages and Stages Questionnaires Third Edition) 48 month questionnaire - personal-social score,0 - 60.0,,1,2017-10-01,1.6.10,105
953561000000100,ASQ-3 (Ages and Stages Questionnaires Third Edition) 54 month questionnaire,ASQ-3 (Ages and Stages Questionnaires Third Edition) 54 month questionnaire - communication score,0 - 60.0,,1,2017-10-01,1.6.10,107
953571000000107,ASQ-3 (Ages and Stages Questionnaires Third Edition) 54 month questionnaire,ASQ-3 (Ages and Stages Questionnaires Third Edition) 54 month questionnaire - fine motor score,0 - 60.0,,1,2017-10-01,1.6.10,108
953581000000109,ASQ-3 (Ages and Stages Questionnaires Third Edition) 54 month questionnaire,ASQ-3 (Ages and Stages Questionnaires Third Edition) 54 month questionnaire - gross motor score,0 - 60.0,,1,2017-10-01,1.6.10,109
953591000000106,ASQ-3 (Ages and Stages Questionnaires Third Edition) 54 month questionnaire,ASQ-3 (Ages and Stages Questionnaires Third Edition) 54 month questionnaire - problem solving score,0 - 60.0,,1,2017-10-01,1.6.10,111
953601000000100,ASQ-3 (Ages and Stages Questionnaires Third Edition) 54 month questionnaire,ASQ-3 (Ages and Stages Questionnaires Third Edition) 54 month questionnaire - personal-social score,0 - 60.0,,1,2017-10-01,1.6.10,110
953611000000103,ASQ-3 (Ages and Stages Questionnaires Third Edition) 60 month questionnaire,ASQ-3 (Ages and Stages Questionnaires Third Edition) 60 month questionnaire - communication score,0 - 60.0,,1,2017-10-01,1.6.10,112
953621000000109,ASQ-3 (Ages and Stages Questionnaires Third Edition) 60 month questionnaire,ASQ-3 (Ages and Stages Questionnaires Third Edition) 60 month questionnaire - fine motor score,0 - 60.0,,1,2017-10-01,1.6.10,113
953631000000106,ASQ-3 (Ages and Stages Questionnaires Third Edition) 60 month questionnaire,ASQ-3 (Ages and Stages Questionnaires Third Edition) 60 month questionnaire - gross motor score,0 - 60.0,,1,2017-10-01,1.6.10,114
953641000000102,ASQ-3 (Ages and Stages Questionnaires Third Edition) 60 month questionnaire,ASQ-3 (Ages and Stages Questionnaires Third Edition) 60 month questionnaire - problem solving score,0 - 60.0,,1,2017-10-01,1.6.10,116
953651000000104,ASQ-3 (Ages and Stages Questionnaires Third Edition) 60 month questionnaire,ASQ-3 (Ages and Stages Questionnaires Third Edition) 60 month questionnaire - personal-social score,0 - 60.0,,1,2017-10-01,1.6.10,115
962851000000103,Patient Activation Measure Level,Patient Activation Measure Level (observable entity),0-100,,0,2020-07-01,1.6.10,367
