code_set_name,code,group_code,group_name,source,dataset_version
discharge_reason,50,not_assessed,Not assessed,IAPT v2.1 ETOS v2.1.22 IDS101 I101250 code groups,2.0 and 2.1
discharge_reason,10,seen_not_treated,Seen but not taken on for a course of treatment,IAPT v2.1 ETOS v2.1.22 IDS101 I101250 code groups,2.0 and 2.1
discharge_reason,11,seen_not_treated,Seen but not taken on for a course of treatment,IAPT v2.1 ETOS v2.1.22 IDS101 I101250 code groups,2.0 and 2.1
discharge_reason,12,seen_not_treated,Seen but not taken on for a course of treatment,IAPT v2.1 ETOS v2.1.22 IDS101 I101250 code groups,2.0 and 2.1
discharge_reason,13,seen_not_treated,Seen but not taken on for a course of treatment,IAPT v2.1 ETOS v2.1.22 IDS101 I101250 code groups,2.0 and 2.1
discharge_reason,14,seen_not_treated,Seen but not taken on for a course of treatment,IAPT v2.1 ETOS v2.1.22 IDS101 I101250 code groups,2.0 and 2.1
discharge_reason,16,seen_not_treated,Seen but not taken on for a course of treatment,IAPT v2.1 ETOS v2.1.22 IDS101 I101250 code groups,2.0 and 2.1
discharge_reason,17,seen_not_treated,Seen but not taken on for a course of treatment,IAPT v2.1 ETOS v2.1.22 IDS101 I101250 code groups,2.0 and 2.1
discharge_reason,95,seen_not_treated,Seen but not taken on for a course of treatment,IAPT v2.1 ETOS v2.1.22 IDS101 I101250 code groups,2.0 and 2.1
discharge_reason,46,seen_and_treated,Seen and taken on for a course of treatment,IAPT v2.1 ETOS v2.1.22 IDS101 I101250 code groups,2.0 and 2.1
discharge_reason,47,seen_and_treated,Seen and taken on for a course of treatment,IAPT v2.1 ETOS v2.1.22 IDS101 I101250 code groups,2.0 and 2.1
discharge_reason,48,seen_and_treated,Seen and taken on for a course of treatment,IAPT v2.1 ETOS v2.1.22 IDS101 I101250 code groups,2.0 and 2.1
discharge_reason,49,seen_and_treated,Seen and taken on for a course of treatment,IAPT v2.1 ETOS v2.1.22 IDS101 I101250 code groups,2.0 and 2.1
discharge_reason,96,seen_and_treated,Seen and taken on for a course of treatment,IAPT v2.1 ETOS v2.1.22 IDS101 I101250 code groups,2.0 and 2.1
discharge_reason_legacy,15,seen_not_treated,Seen but not taken on for a course of treatment,UKHFD category Assessed only for the retired care spell end code,1.5
discharge_reason_legacy,97,seen_not_treated,Seen but not taken on for a course of treatment,UKHFD category Assessed only for the retired care spell end code,1.5
discharge_reason_legacy,40,seen_and_treated,Seen and taken on for a course of treatment,UKHFD category Assessed and treated for the retired care spell end code,1.5
discharge_reason_legacy,41,seen_and_treated,Seen and taken on for a course of treatment,UKHFD category Assessed and treated for the retired care spell end code,1.5
discharge_reason_legacy,42,seen_and_treated,Seen and taken on for a course of treatment,UKHFD category Assessed and treated for the retired care spell end code,1.5
discharge_reason_legacy,43,seen_and_treated,Seen and taken on for a course of treatment,UKHFD category Assessed and treated for the retired care spell end code,1.5
discharge_reason_legacy,44,seen_and_treated,Seen and taken on for a course of treatment,UKHFD category Assessed and treated for the retired care spell end code,1.5
discharge_reason_legacy,45,seen_and_treated,Seen and taken on for a course of treatment,UKHFD category Assessed and treated for the retired care spell end code,1.5
discharge_reason_legacy,98,seen_and_treated,Seen and taken on for a course of treatment,UKHFD category Assessed and treated for the retired care spell end code,1.5
source_of_referral_iapt,B1,self_referral,Self referral,NHS England NHS Talking Therapies monthly metadata M002,2.1
source_of_referral_iapt,A1,gp,General medical practice,NHS England NHS Talking Therapies monthly metadata M003,2.1
source_of_referral_iapt,A2,health_visitor,Health visitor,NHS England NHS Talking Therapies monthly metadata M004,2.1
source_of_referral_iapt,A3,other_primary_care,Other primary health care,NHS England NHS Talking Therapies monthly metadata M005,2.1
source_of_referral_iapt,B2,carer_relative,Carer or relative,NHS England NHS Talking Therapies monthly metadata M006,2.1
source_of_referral_iapt,C1,local_authority,Local authority and other public services,NHS England NHS Talking Therapies monthly metadata M007,2.1
source_of_referral_iapt,C2,local_authority,Local authority and other public services,NHS England NHS Talking Therapies monthly metadata M007,2.1
source_of_referral_iapt,C3,local_authority,Local authority and other public services,NHS England NHS Talking Therapies monthly metadata M007,2.1
source_of_referral_iapt,D1,employer,Employer,NHS England NHS Talking Therapies monthly metadata M008,2.1
source_of_referral_iapt,D2,employer,Employer,NHS England NHS Talking Therapies monthly metadata M008,2.1
source_of_referral_iapt,E1,justice_system,Justice system,NHS England NHS Talking Therapies monthly metadata M009,2.1
source_of_referral_iapt,E2,justice_system,Justice system,NHS England NHS Talking Therapies monthly metadata M009,2.1
source_of_referral_iapt,E3,justice_system,Justice system,NHS England NHS Talking Therapies monthly metadata M009,2.1
source_of_referral_iapt,E4,justice_system,Justice system,NHS England NHS Talking Therapies monthly metadata M009,2.1
source_of_referral_iapt,E5,justice_system,Justice system,NHS England NHS Talking Therapies monthly metadata M009,2.1
source_of_referral_iapt,E6,justice_system,Justice system,NHS England NHS Talking Therapies monthly metadata M009,2.1
source_of_referral_iapt,F1,child_health,Child health,NHS England NHS Talking Therapies monthly metadata M010,2.1
source_of_referral_iapt,F2,child_health,Child health,NHS England NHS Talking Therapies monthly metadata M010,2.1
source_of_referral_iapt,F3,child_health,Child health,NHS England NHS Talking Therapies monthly metadata M010,2.1
source_of_referral_iapt,G1,independent_voluntary,Independent or voluntary sector,NHS England NHS Talking Therapies monthly metadata M011,2.1
source_of_referral_iapt,G2,independent_voluntary,Independent or voluntary sector,NHS England NHS Talking Therapies monthly metadata M011,2.1
source_of_referral_iapt,G3,independent_voluntary,Independent or voluntary sector,NHS England NHS Talking Therapies monthly metadata M011,2.1
source_of_referral_iapt,G4,independent_voluntary,Independent or voluntary sector,NHS England NHS Talking Therapies monthly metadata M011,2.1
source_of_referral_iapt,H1,acute_secondary_care,Acute secondary care,NHS England NHS Talking Therapies monthly metadata M012,2.1
source_of_referral_iapt,H2,acute_secondary_care,Acute secondary care,NHS England NHS Talking Therapies monthly metadata M012,2.1
source_of_referral_iapt,I1,other_mental_health_trust,Other mental health NHS trust,NHS England NHS Talking Therapies monthly metadata M013,2.1
source_of_referral_iapt,I2,other_mental_health_trust,Other mental health NHS trust,NHS England NHS Talking Therapies monthly metadata M013,2.1
source_of_referral_iapt,P1,internal,Internal referral,NHS England NHS Talking Therapies monthly metadata M014,2.1
source_of_referral_iapt,M1,other,Other,NHS England NHS Talking Therapies monthly metadata M017,2.1
source_of_referral_iapt,M2,other,Other,NHS England NHS Talking Therapies monthly metadata M017,2.1
source_of_referral_iapt,M3,other,Other,NHS England NHS Talking Therapies monthly metadata M017,2.1
source_of_referral_iapt,M4,other,Other,NHS England NHS Talking Therapies monthly metadata M017,2.1
source_of_referral_iapt,M5,other,Other,NHS England NHS Talking Therapies monthly metadata M017,2.1
source_of_referral_iapt,M6,other,Other,NHS England NHS Talking Therapies monthly metadata M017,2.1
source_of_referral_iapt,M7,other,Other,NHS England NHS Talking Therapies monthly metadata M017,2.1
source_of_referral_iapt,M8,other,Other,NHS England NHS Talking Therapies monthly metadata M017,2.1
source_of_referral_iapt,N1,nhs_talking_therapies,NHS Talking Therapies service,NHS England NHS Talking Therapies monthly metadata M018,2.1
source_of_referral_iapt,N2,nhs_talking_therapies,NHS Talking Therapies service,NHS England NHS Talking Therapies monthly metadata M018,2.1
source_of_referral_iapt,N4,nhs_talking_therapies,NHS Talking Therapies service,NHS England NHS Talking Therapies monthly metadata M018,2.1
source_of_referral_iapt,Q1,mental_health_drop_in,Mental health drop-in service,NHS England NHS Talking Therapies monthly metadata M287,2.1
source_of_referral_iapt,A4,maternity_service,Maternity service,NHS England NHS Talking Therapies monthly metadata M345,2.1
source_of_referral_mental_health,B1,self_referral,Self referral,"NHS England NHS Talking Therapies monthly metadata M002, same code in the mental health list",2.0
source_of_referral_mental_health,A1,gp,General medical practice,"NHS England NHS Talking Therapies monthly metadata M003, same code in the mental health list",2.0
source_of_referral_mental_health,A2,health_visitor,Health visitor,"NHS England NHS Talking Therapies monthly metadata M004, same code in the mental health list",2.0
source_of_referral_mental_health,A3,other_primary_care,Other primary health care,"NHS England NHS Talking Therapies monthly metadata M005, same code in the mental health list",2.0
source_of_referral_mental_health,B2,carer_relative,Carer or relative,"NHS England NHS Talking Therapies monthly metadata M006, same code in the mental health list",2.0
source_of_referral_mental_health,C1,local_authority,Local authority and other public services,"NHS England NHS Talking Therapies monthly metadata M007, same code in the mental health list",2.0
source_of_referral_mental_health,C2,local_authority,Local authority and other public services,"NHS England NHS Talking Therapies monthly metadata M007, same code in the mental health list",2.0
source_of_referral_mental_health,C3,local_authority,Local authority and other public services,"NHS England NHS Talking Therapies monthly metadata M007, same code in the mental health list",2.0
source_of_referral_mental_health,D1,employer,Employer,"NHS England NHS Talking Therapies monthly metadata M008, same code in the mental health list",2.0
source_of_referral_mental_health,D2,employer,Employer,"NHS England NHS Talking Therapies monthly metadata M008, same code in the mental health list",2.0
source_of_referral_mental_health,E1,justice_system,Justice system,"NHS England NHS Talking Therapies monthly metadata M009, same code in the mental health list",2.0
source_of_referral_mental_health,E2,justice_system,Justice system,"NHS England NHS Talking Therapies monthly metadata M009, same code in the mental health list",2.0
source_of_referral_mental_health,E3,justice_system,Justice system,"NHS England NHS Talking Therapies monthly metadata M009, same code in the mental health list",2.0
source_of_referral_mental_health,E4,justice_system,Justice system,"NHS England NHS Talking Therapies monthly metadata M009, same code in the mental health list",2.0
source_of_referral_mental_health,E5,justice_system,Justice system,"NHS England NHS Talking Therapies monthly metadata M009, same code in the mental health list",2.0
source_of_referral_mental_health,E6,justice_system,Justice system,"NHS England NHS Talking Therapies monthly metadata M009, same code in the mental health list",2.0
source_of_referral_mental_health,F1,child_health,Child health,"NHS England NHS Talking Therapies monthly metadata M010, same code in the mental health list",2.0
source_of_referral_mental_health,F2,child_health,Child health,"NHS England NHS Talking Therapies monthly metadata M010, same code in the mental health list",2.0
source_of_referral_mental_health,F3,child_health,Child health,"NHS England NHS Talking Therapies monthly metadata M010, same code in the mental health list",2.0
source_of_referral_mental_health,G1,independent_voluntary,Independent or voluntary sector,"NHS England NHS Talking Therapies monthly metadata M011, same code in the mental health list",2.0
source_of_referral_mental_health,G2,independent_voluntary,Independent or voluntary sector,"NHS England NHS Talking Therapies monthly metadata M011, same code in the mental health list",2.0
source_of_referral_mental_health,G3,independent_voluntary,Independent or voluntary sector,"NHS England NHS Talking Therapies monthly metadata M011, same code in the mental health list",2.0
source_of_referral_mental_health,G4,independent_voluntary,Independent or voluntary sector,"NHS England NHS Talking Therapies monthly metadata M011, same code in the mental health list",2.0
source_of_referral_mental_health,H1,acute_secondary_care,Acute secondary care,"NHS England NHS Talking Therapies monthly metadata M012, same code in the mental health list",2.0
source_of_referral_mental_health,H2,acute_secondary_care,Acute secondary care,"NHS England NHS Talking Therapies monthly metadata M012, same code in the mental health list",2.0
source_of_referral_mental_health,I1,other_mental_health_trust,Other mental health NHS trust,"NHS England NHS Talking Therapies monthly metadata M013, same code in the mental health list",2.0
source_of_referral_mental_health,I2,other_mental_health_trust,Other mental health NHS trust,"NHS England NHS Talking Therapies monthly metadata M013, same code in the mental health list",2.0
source_of_referral_mental_health,P1,internal,Internal referral,"NHS England NHS Talking Therapies monthly metadata M014, same code in the mental health list",2.0
source_of_referral_mental_health,M1,other,Other,"NHS England NHS Talking Therapies monthly metadata M017, same code in the mental health list",2.0
source_of_referral_mental_health,M2,other,Other,"NHS England NHS Talking Therapies monthly metadata M017, same code in the mental health list",2.0
source_of_referral_mental_health,M3,other,Other,"NHS England NHS Talking Therapies monthly metadata M017, same code in the mental health list",2.0
source_of_referral_mental_health,M4,other,Other,"NHS England NHS Talking Therapies monthly metadata M017, same code in the mental health list",2.0
source_of_referral_mental_health,M5,other,Other,"NHS England NHS Talking Therapies monthly metadata M017, same code in the mental health list",2.0
source_of_referral_mental_health,M6,other,Other,"NHS England NHS Talking Therapies monthly metadata M017, same code in the mental health list",2.0
source_of_referral_mental_health,M7,other,Other,"NHS England NHS Talking Therapies monthly metadata M017, same code in the mental health list",2.0
source_of_referral_mental_health,M8,other,Other,"NHS England NHS Talking Therapies monthly metadata M017, same code in the mental health list",2.0
source_of_referral_mental_health,N1,nhs_talking_therapies,NHS Talking Therapies service,"NHS England NHS Talking Therapies monthly metadata M018, same code in the mental health list",2.0
source_of_referral_mental_health,N2,nhs_talking_therapies,NHS Talking Therapies service,"NHS England NHS Talking Therapies monthly metadata M018, same code in the mental health list",2.0
source_of_referral_mental_health,Q1,mental_health_drop_in,Mental health drop-in service,"NHS England NHS Talking Therapies monthly metadata M287, same code in the mental health list",2.0
source_of_referral_mental_health,A4,maternity_service,Maternity service,"NHS England NHS Talking Therapies monthly metadata M345, same code in the mental health list",2.0
consultation_mechanism,01,face_to_face,Face to face,NHS England NHS Talking Therapies monthly metadata M1001,2.1
consultation_mechanism,02,telephone,Telephone,NHS England NHS Talking Therapies monthly metadata M1002,2.1
consultation_mechanism,04,other,Other,NHS England NHS Talking Therapies monthly metadata M1004,2.1
consultation_mechanism,05,text_based,Text-based,NHS England NHS Talking Therapies monthly metadata M1005,2.1
consultation_mechanism,09,text_based,Text-based,NHS England NHS Talking Therapies monthly metadata M1006,2.1
consultation_mechanism,10,text_based,Text-based,NHS England NHS Talking Therapies monthly metadata M1007,2.1
consultation_mechanism,11,video,Video,NHS England NHS Talking Therapies monthly metadata M1018,2.1
consultation_mechanism,12,text_based,Text-based,NHS England NHS Talking Therapies monthly metadata M1019,2.1
consultation_mechanism,13,text_based,Text-based,NHS England NHS Talking Therapies monthly metadata M1020,2.1
consultation_mechanism,98,other,Other,NHS England NHS Talking Therapies monthly metadata M1008,2.1
consultation_medium_used,01,face_to_face,Face to face,Consultation medium used code matched to the v2.1 mechanism counted in NHS England metadata M1001,2.0
consultation_medium_used,02,telephone,Telephone,Consultation medium used code matched to the v2.1 mechanism counted in NHS England metadata M1002,2.0
consultation_medium_used,03,video,Video,Consultation medium used code matched to the v2.1 mechanism counted in NHS England metadata M1018,2.0
consultation_medium_used,04,other,Other,Consultation medium used code matched to the v2.1 mechanism counted in NHS England metadata M1004,2.0
consultation_medium_used,05,text_based,Text-based,Consultation medium used code matched to the v2.1 mechanism counted in NHS England metadata M1005,2.0
consultation_medium_used,06,text_based,Text-based,Consultation medium used code matched to the v2.1 mechanism counted in NHS England metadata M1006,2.0
consultation_medium_used,08,text_based,Text-based,Consultation medium used code matched to the v2.1 mechanism counted in NHS England metadata M1007,2.0
consultation_medium_used,98,other,Other,Consultation medium used code matched to the v2.1 mechanism counted in NHS England metadata M1008,2.0
anxiety_disorder_specific_measure,GAD7,445455005,Generalised anxiety disorder questionnaire,IAPT v2.1 ETOS v2.1.22 IDS101 I101D90; score concept from I101D54,2.0 and 2.1
anxiety_disorder_specific_measure,AgoraAlone,473355002,Agoraphobia mobility inventory questionnaire (when alone),IAPT v2.1 ETOS v2.1.22 IDS101 I101D90; score concept from I101D58,2.0 and 2.1
anxiety_disorder_specific_measure,SocialPhobia,445552006,Social phobia inventory questionnaire,IAPT v2.1 ETOS v2.1.22 IDS101 I101D90; score concept from I101D60,2.0 and 2.1
anxiety_disorder_specific_measure,PanicDisorder,450326007,Panic disorder severity scale,IAPT v2.1 ETOS v2.1.22 IDS101 I101D90; score concept from I101D62,2.0 and 2.1
anxiety_disorder_specific_measure,OCD,450324005,Obsessive compulsive disorder inventory questionnaire,IAPT v2.1 ETOS v2.1.22 IDS101 I101D90; score concept from I101D64,2.0 and 2.1
anxiety_disorder_specific_measure,BIQ,1128221000000100,Body image questionnaire,IAPT v2.1 ETOS v2.1.22 IDS101 I101D90; score concept from I101D68,2.0 and 2.1
anxiety_disorder_specific_measure,IBS,1083671000000108,Francis IBS scale,IAPT v2.1 ETOS v2.1.22 IDS101 I101D90; score concept from I101D78,2.0 and 2.1
anxiety_disorder_specific_measure,MUS,1065441000000103,Patient health questionnaire-15,IAPT v2.1 ETOS v2.1.22 IDS101 I101D90; score concept from I101D80,2.0 and 2.1
anxiety_disorder_specific_measure,AnxietyInventory,446793008,Anxiety inventory,IAPT v2.1 ETOS v2.1.22 IDS101 I101D90; score concept from I101D103,2.0 and 2.1
anxiety_disorder_specific_measure,PTSD,491581000000104,Post traumatic stress disorder,IAPT v2.1 ETOS v2.1.22 IDS101 I101D90; score concept from I101D111,2.0 and 2.1
anxiety_disorder_specific_measure,CFQ,1077511000000101,Chalder fatigue scale,IAPT v2.1 ETOS v2.1.22 IDS101 I101D90; score concept from I101D126,2.0 and 2.1
