concept_code,assessment_tool_name,assessment_description,published_value,response_description,decimal_places,collection_start_date,specification_version,source_row,is_non_score_response
1065441000000103,Patient Health Questionnaire-15 (PHQ-15),Patient Health Questionnaire 15 score,0-30,,0,2017-03-01,2.0.26,43,false
1065441000000103,Patient Health Questionnaire-15 (PHQ-15),Patient Health Questionnaire 15 score,0-30,,0,2017-03-01,2.1.22,45,false
1077511000000101,Chalder Fatigue Scale (CFQ 11),Chalder Fatigue Scale Score,0-33,,0,2021-04-01,2.1.22,12,false
1083671000000108,Irritable Bowel Syndrome - Symptom Severity Scale score (IBS-SSS),Irritable Bowel Syndrome - Symptom Severity Scale score,0-500,,0,2017-03-01,2.0.26,37,false
1083671000000108,Irritable Bowel Syndrome - Symptom Severity Scale score (IBS-SSS),Irritable Bowel Syndrome - Symptom Severity Scale score,0-500,,0,2017-03-01,2.1.22,39,false
1128221000000100,Body Image Questionnaire (BIQ),BIQ (Body Image Questionnaire) score,0-72,,0,2020-09-01,2.0.26,10,false
1128221000000100,Body Image Questionnaire (BIQ),BIQ (Body Image Questionnaire) score,0-72,,0,2020-09-01,2.1.22,10,false
443223005,Brief Pain Inventory (BPI),Brief pain inventory score,0-70,,0,2017-03-01,2.0.26,11,false
443223005,Brief Pain Inventory (BPI),Brief pain inventory score,0-70,,0,2017-03-01,2.1.22,11,false
445455005,Generalised Anxiety Disorder 7 (GAD-7),Generalised anxiety disorder 7 item score,0-21,,0,2012-04-01,2.0.26,14,false
445455005,Generalised Anxiety Disorder 7 (GAD-7),Generalised anxiety disorder 7 item score,0-21,,0,2012-04-01,2.1.22,15,false
445552006,Social Phobia Inventory (SPIN),Social phobia inventory score,0-68,,0,2012-04-01,2.0.26,46,false
445552006,Social Phobia Inventory (SPIN),Social phobia inventory score,0-68,,0,2012-04-01,2.1.22,48,false
446517006,Penn State Worry Questionnaire (PSWQ),Penn State worry questionnaire score,16-80,,0,2012-04-01,2.0.26,44,false
446517006,Penn State Worry Questionnaire (PSWQ),Penn State worry questionnaire score,16-80,,0,2012-04-01,2.1.22,46,false
446660005,COPD Assessment Test (CAT),Chronic obstructive pulmonary disease assessment test score,0-40,,0,2017-03-01,2.0.26,12,false
446660005,COPD Assessment Test (CAT),Chronic obstructive pulmonary disease assessment test score,0-40,,0,2017-03-01,2.1.22,13,false
446793008,Health Anxiety Inventory (HAI) - Week,Health anxiety inventory short week score,0-54,,0,2012-04-01,2.0.26,15,false
446793008,Health Anxiety Inventory (HAI) - Week,Health anxiety inventory short week score,0-54,,0,2012-04-01,2.1.22,16,false
450324005,Obsessive Compulsive Inventory (OCI),Obsessive compulsive inventory score,0-168,,0,2012-04-01,2.0.26,40,false
450324005,Obsessive Compulsive Inventory (OCI),Obsessive compulsive inventory score,0-168,,0,2012-04-01,2.1.22,42,false
450326007,Panic Disorder Severity Scale (PDSS),Panic disorder severity scale score,0-28,,0,2012-04-01,2.0.26,41,false
450326007,Panic Disorder Severity Scale (PDSS),Panic disorder severity scale score,0-28,,0,2012-04-01,2.1.22,43,false
473354003,Mobility Inventory (MI) for Agoraphobia,Mobility inventory for agoraphobia when accompanied score,1.00 - 5.00,,2,2012-04-01,2.0.26,38,false
473354003,Mobility Inventory (MI) for Agoraphobia,Mobility inventory for agoraphobia when accompanied score,1.00 - 5.00,,2,2012-04-01,2.1.22,40,false
473355002,Mobility Inventory (MI) for Agoraphobia,Mobility inventory for agoraphobia when alone score,1.00 - 5.00,,2,2012-04-01,2.0.26,39,false
473355002,Mobility Inventory (MI) for Agoraphobia,Mobility inventory for agoraphobia when alone score,1.00 - 5.00,,2,2012-04-01,2.1.22,41,false
491581000000104,PTSD (post-traumatic stress disorder) checklist for DSM-5 (Diagnostic and Statistical Manual of Mental Disorders - Fifth Edition) (PCL-5),PTSD (post-traumatic stress disorder) checklist for DSM-5 (Diagnostic and Statistical Manual of Mental Disorders - Fifth Edition) (PCL-5) total symptom severity score,0-80,,0,2020-09-01,2.0.26,45,false
491581000000104,PTSD (post-traumatic stress disorder) checklist for DSM-5 (Diagnostic and Statistical Manual of Mental Disorders - Fifth Edition) (PCL-5),PTSD (post-traumatic stress disorder) checklist for DSM-5 (Diagnostic and Statistical Manual of Mental Disorders - Fifth Edition) (PCL-5) total symptom severity score,0-80,,0,2020-09-01,2.1.22,47,false
720433000,Patient Health Questionnaire-9 (PHQ-9),Patient health questionnaire 9 score,0-27,,0,2012-04-01,2.0.26,42,false
720433000,Patient Health Questionnaire-9 (PHQ-9),Patient health questionnaire 9 score,0-27,,0,2012-04-01,2.1.22,44,false
747861000000100,IAPT Assessment Patient Experience Questionnaire,IAPT (Improving Access to Psychological Therapies) assessment PEQ (Patient Experience Questionnaire) choice question 1 score,N,No,0,2014-07-01,2.0.26,22,false
747861000000100,IAPT Assessment Patient Experience Questionnaire,IAPT (Improving Access to Psychological Therapies) assessment PEQ (Patient Experience Questionnaire) choice question 1 score,Y,Yes,0,2014-07-01,2.0.26,23,false
747861000000100,IAPT Assessment Patient Experience Questionnaire,IAPT (Improving Access to Psychological Therapies) assessment PEQ (Patient Experience Questionnaire) choice question 1 score,N,No,0,2014-07-01,2.1.22,24,false
747861000000100,IAPT Assessment Patient Experience Questionnaire,IAPT (Improving Access to Psychological Therapies) assessment PEQ (Patient Experience Questionnaire) choice question 1 score,Y,Yes,0,2014-07-01,2.1.22,25,false
747871000000107,IAPT Assessment Patient Experience Questionnaire,IAPT (Improving Access to Psychological Therapies) assessment PEQ (Patient Experience Questionnaire) choice question 2 score,N,No,0,2014-07-01,2.0.26,24,false
747871000000107,IAPT Assessment Patient Experience Questionnaire,IAPT (Improving Access to Psychological Therapies) assessment PEQ (Patient Experience Questionnaire) choice question 2 score,Y,Yes,0,2014-07-01,2.0.26,25,false
747871000000107,IAPT Assessment Patient Experience Questionnaire,IAPT (Improving Access to Psychological Therapies) assessment PEQ (Patient Experience Questionnaire) choice question 2 score,N,No,0,2014-07-01,2.1.22,26,false
747871000000107,IAPT Assessment Patient Experience Questionnaire,IAPT (Improving Access to Psychological Therapies) assessment PEQ (Patient Experience Questionnaire) choice question 2 score,Y,Yes,0,2014-07-01,2.1.22,27,false
747881000000109,IAPT Assessment Patient Experience Questionnaire,IAPT (Improving Access to Psychological Therapies) assessment PEQ (Patient Experience Questionnaire) choice question 3 score,N,No,0,2014-07-01,2.0.26,26,false
747881000000109,IAPT Assessment Patient Experience Questionnaire,IAPT (Improving Access to Psychological Therapies) assessment PEQ (Patient Experience Questionnaire) choice question 3 score,NA,Not Applicable,0,2014-07-01,2.0.26,28,true
747881000000109,IAPT Assessment Patient Experience Questionnaire,IAPT (Improving Access to Psychological Therapies) assessment PEQ (Patient Experience Questionnaire) choice question 3 score,Y,Yes,0,2014-07-01,2.0.26,27,false
747881000000109,IAPT Assessment Patient Experience Questionnaire,IAPT (Improving Access to Psychological Therapies) assessment PEQ (Patient Experience Questionnaire) choice question 3 score,N,No,0,2014-07-01,2.1.22,28,false
747881000000109,IAPT Assessment Patient Experience Questionnaire,IAPT (Improving Access to Psychological Therapies) assessment PEQ (Patient Experience Questionnaire) choice question 3 score,NA,Not Applicable,0,2014-07-01,2.1.22,30,true
747881000000109,IAPT Assessment Patient Experience Questionnaire,IAPT (Improving Access to Psychological Therapies) assessment PEQ (Patient Experience Questionnaire) choice question 3 score,Y,Yes,0,2014-07-01,2.1.22,29,false
747891000000106,IAPT Assessment Patient Experience Questionnaire,IAPT (Improving Access to Psychological Therapies) assessment PEQ (Patient Experience Questionnaire) satisfaction question 1 score,0-4,,0,2014-07-01,2.0.26,32,false
747891000000106,IAPT Assessment Patient Experience Questionnaire,IAPT (Improving Access to Psychological Therapies) assessment PEQ (Patient Experience Questionnaire) satisfaction question 1 score,0-4,,0,2014-07-01,2.1.22,34,false
747901000000107,IAPT Treatment Patient Experience Questionnaire,IAPT (Improving Access to Psychological Therapies) treatment PEQ (Patient Experience Questionnaire) question 1 score,0-4,,0,2014-07-01,2.0.26,16,false
747901000000107,IAPT Treatment Patient Experience Questionnaire,IAPT (Improving Access to Psychological Therapies) treatment PEQ (Patient Experience Questionnaire) question 1 score,0-4,,0,2014-07-01,2.1.22,17,false
747911000000109,IAPT Treatment Patient Experience Questionnaire,IAPT (Improving Access to Psychological Therapies) treatment PEQ (Patient Experience Questionnaire) question 2 score,0-4,,0,2014-07-01,2.0.26,17,false
747911000000109,IAPT Treatment Patient Experience Questionnaire,IAPT (Improving Access to Psychological Therapies) treatment PEQ (Patient Experience Questionnaire) question 2 score,0-4,,0,2014-07-01,2.1.22,18,false
747921000000103,IAPT Treatment Patient Experience Questionnaire,IAPT (Improving Access to Psychological Therapies) treatment PEQ (Patient Experience Questionnaire) question 3 score,0-4,,0,2014-07-01,2.0.26,18,false
747921000000103,IAPT Treatment Patient Experience Questionnaire,IAPT (Improving Access to Psychological Therapies) treatment PEQ (Patient Experience Questionnaire) question 3 score,0-4,,0,2014-07-01,2.1.22,19,false
747931000000101,IAPT Treatment Patient Experience Questionnaire,IAPT (Improving Access to Psychological Therapies) treatment PEQ (Patient Experience Questionnaire) question 4 score,0-4,,0,2014-07-01,2.0.26,19,false
747931000000101,IAPT Treatment Patient Experience Questionnaire,IAPT (Improving Access to Psychological Therapies) treatment PEQ (Patient Experience Questionnaire) question 4 score,0-4,,0,2014-07-01,2.1.22,20,false
747941000000105,IAPT Treatment Patient Experience Questionnaire,IAPT (Improving Access to Psychological Therapies) treatment PEQ (Patient Experience Questionnaire) question 5 score,0-4,,0,2014-07-01,2.0.26,20,false
747941000000105,IAPT Treatment Patient Experience Questionnaire,IAPT (Improving Access to Psychological Therapies) treatment PEQ (Patient Experience Questionnaire) question 5 score,0-4,,0,2014-07-01,2.1.22,21,false
747951000000108,IAPT Treatment Patient Experience Questionnaire,IAPT (Improving Access to Psychological Therapies) treatment PEQ (Patient Experience Questionnaire) question 6 score,0-4,,0,2014-07-01,2.0.26,21,false
747951000000108,IAPT Treatment Patient Experience Questionnaire,IAPT (Improving Access to Psychological Therapies) treatment PEQ (Patient Experience Questionnaire) question 6 score,0-4,,0,2014-07-01,2.1.22,22,false
747951000000108,IAPT Treatment Patient Experience Questionnaire,IAPT (Improving Access to Psychological Therapies) treatment PEQ (Patient Experience Questionnaire) question 6 score,NA,Not Applicable,0,2014-07-01,2.1.22,23,true
748161000000109,iMTA Productivity Cost Questionnaire (iPCQ),iPCQ (Institute for Medical Technology Assessment Productivity Cost Questionnaire) - question 7 score,N,No,0,2020-09-01,2.0.26,34,false
748161000000109,iMTA Productivity Cost Questionnaire (iPCQ),iPCQ (Institute for Medical Technology Assessment Productivity Cost Questionnaire) - question 7 score,Y,Yes,0,2020-09-01,2.0.26,33,false
748161000000109,iMTA Productivity Cost Questionnaire (iPCQ),iPCQ (Institute for Medical Technology Assessment Productivity Cost Questionnaire) - question 7 score,N,No,0,2020-09-01,2.1.22,36,false
748161000000109,iMTA Productivity Cost Questionnaire (iPCQ),iPCQ (Institute for Medical Technology Assessment Productivity Cost Questionnaire) - question 7 score,Y,Yes,0,2020-09-01,2.1.22,35,false
760741000000102,iMTA Productivity Cost Questionnaire (iPCQ),iPCQ (Institute for Medical Technology Assessment Productivity Cost Questionnaire) - question 8 score,0-28,,0,2020-09-01,2.0.26,35,false
760741000000102,iMTA Productivity Cost Questionnaire (iPCQ),iPCQ (Institute for Medical Technology Assessment Productivity Cost Questionnaire) - question 8 score,0-28,,0,2020-09-01,2.1.22,37,false
761051000000105,iMTA Productivity Cost Questionnaire (iPCQ),iPCQ (Institute for Medical Technology Assessment Productivity Cost Questionnaire) - question 9 score,0-10,,0,2020-09-01,2.0.26,36,false
761051000000105,iMTA Productivity Cost Questionnaire (iPCQ),iPCQ (Institute for Medical Technology Assessment Productivity Cost Questionnaire) - question 9 score,0-10,,0,2020-09-01,2.1.22,38,false
904691000000103,IAPT Assessment Patient Experience Questionnaire,IAPT (Improving Access to Psychological Therapies) assessment PEQ (Patient Experience Questionnaire) choice question 4 score,N,No,0,2014-07-01,2.0.26,29,false
904691000000103,IAPT Assessment Patient Experience Questionnaire,IAPT (Improving Access to Psychological Therapies) assessment PEQ (Patient Experience Questionnaire) choice question 4 score,NA,Not Applicable,0,2014-07-01,2.0.26,31,true
904691000000103,IAPT Assessment Patient Experience Questionnaire,IAPT (Improving Access to Psychological Therapies) assessment PEQ (Patient Experience Questionnaire) choice question 4 score,Y,Yes,0,2014-07-01,2.0.26,30,false
904691000000103,IAPT Assessment Patient Experience Questionnaire,IAPT (Improving Access to Psychological Therapies) assessment PEQ (Patient Experience Questionnaire) choice question 4 score,N,No,0,2014-07-01,2.1.22,31,false
904691000000103,IAPT Assessment Patient Experience Questionnaire,IAPT (Improving Access to Psychological Therapies) assessment PEQ (Patient Experience Questionnaire) choice question 4 score,NA,Not Applicable,0,2014-07-01,2.1.22,33,true
904691000000103,IAPT Assessment Patient Experience Questionnaire,IAPT (Improving Access to Psychological Therapies) assessment PEQ (Patient Experience Questionnaire) choice question 4 score,Y,Yes,0,2014-07-01,2.1.22,32,false
910931000000101,Diabetes Distress Scale (DDS),Diabetes Distress Scale 17 item score,17-102,,0,2017-03-01,2.0.26,13,false
910931000000101,Diabetes Distress Scale (DDS),Diabetes Distress Scale 17 item score,1-6,,1,2017-03-01,2.1.22,14,false
932581000000100,Work And Social Adjustment Scale,Improving Access to Psychological Therapies programme Work and Social Adjustment Scale - home management score,0-8,,0,2014-07-01,2.0.26,48,false
932581000000100,Work And Social Adjustment Scale,Improving Access to Psychological Therapies programme Work and Social Adjustment Scale - home management score,0-8,,0,2014-07-01,2.1.22,50,false
932591000000103,Work And Social Adjustment Scale,Improving Access to Psychological Therapies programme Work and Social Adjustment Scale - private leisure activities score,0-8,,0,2014-07-01,2.0.26,50,false
932591000000103,Work And Social Adjustment Scale,Improving Access to Psychological Therapies programme Work and Social Adjustment Scale - private leisure activities score,0-8,,0,2014-07-01,2.1.22,52,false
932601000000109,Work And Social Adjustment Scale,Improving Access to Psychological Therapies programme Work and Social Adjustment Scale - relationships score,0-8,,0,2014-07-01,2.0.26,51,false
932601000000109,Work And Social Adjustment Scale,Improving Access to Psychological Therapies programme Work and Social Adjustment Scale - relationships score,0-8,,0,2014-07-01,2.1.22,53,false
932611000000106,Work And Social Adjustment Scale,Improving Access to Psychological Therapies programme Work and Social Adjustment Scale - social leisure activities score,0-8,,0,2014-07-01,2.0.26,49,false
932611000000106,Work And Social Adjustment Scale,Improving Access to Psychological Therapies programme Work and Social Adjustment Scale - social leisure activities score,0-8,,0,2014-07-01,2.1.22,51,false
932621000000100,Work And Social Adjustment Scale,Improving Access to Psychological Therapies programme Work and Social Adjustment Scale - work score,0-9,,0,2014-07-01,2.0.26,47,false
932621000000100,Work And Social Adjustment Scale,Improving Access to Psychological Therapies programme Work and Social Adjustment Scale - work score,9,Score not available,0,2014-07-01,2.0.26,47,true
932621000000100,Work And Social Adjustment Scale,Improving Access to Psychological Therapies programme Work and Social Adjustment Scale - work score,0-9,,0,2014-07-01,2.1.22,49,false
932621000000100,Work And Social Adjustment Scale,Improving Access to Psychological Therapies programme Work and Social Adjustment Scale - work score,9,Score not available,0,2014-07-01,2.1.22,49,true
