indicator_id,programme,condition_code,clinical_domain,clinical_subdomain
ADHD,LOCAL,ADHD,,
AF001,QOF,AF,,
ANXIETY,LOCAL,ANX,,
AST005,QOF,AST,,
AUTISM,LOCAL,AUTISM,,
BRF_ALCOHOL_STATUS,LOCAL,,Lifestyle,Alcohol
BRF_BMI_CATEGORIES,LOCAL,OB,,
BRF_SMOKING_STATUS,LOCAL,,Lifestyle,Smoking
CAN001,QOF,CAN,,
CEREBRAL_PALSY,LOCAL,CEREBRALP,,
CHD001,QOF,CHD,,
CHOLESTEROL_LATEST,LOCAL,,Cardiovascular,Cardiovascular risk
CKD005,QOF,CKD,,
CLD,LOCAL,CLD,,
CONDITION_EPISODES_AF,LOCAL,AF,,
CONDITION_EPISODES_ANX,LOCAL,ANX,,
CONDITION_EPISODES_AST,LOCAL,AST,,
CONDITION_EPISODES_AUTISM,LOCAL,AUTISM,,
CONDITION_EPISODES_CAN,LOCAL,CAN,,
CONDITION_EPISODES_CEREBRALP,LOCAL,CEREBRALP,,
CONDITION_EPISODES_CHD,LOCAL,CHD,,
CONDITION_EPISODES_CKD,LOCAL,CKD,,
CONDITION_EPISODES_COPD,LOCAL,COPD,,
CONDITION_EPISODES_DEM,LOCAL,DEM,,
CONDITION_EPISODES_DEP,LOCAL,DEP,,
CONDITION_EPISODES_DM,LOCAL,DM,,
CONDITION_EPISODES_EP,LOCAL,EP,,
CONDITION_EPISODES_FH,LOCAL,FH,,
CONDITION_EPISODES_FRAIL,LOCAL,FRAIL,,
CONDITION_EPISODES_GESTDIAB,LOCAL,GESTDIAB,,
CONDITION_EPISODES_HF,LOCAL,HF,,
CONDITION_EPISODES_HTN,LOCAL,HTN,,
CONDITION_EPISODES_LD,LOCAL,LD,,
CONDITION_EPISODES_MND,LOCAL,MND,,
CONDITION_EPISODES_MS,LOCAL,MS,,
CONDITION_EPISODES_NAFLD,LOCAL,NAFLD,,
CONDITION_EPISODES_NDH,LOCAL,NDH,,
CONDITION_EPISODES_OB,LOCAL,OB,,
CONDITION_EPISODES_OST,LOCAL,OST,,
CONDITION_EPISODES_PAD,LOCAL,PAD,,
CONDITION_EPISODES_PC,LOCAL,PC,,
CONDITION_EPISODES_PD,LOCAL,PD,,
CONDITION_EPISODES_RA,LOCAL,RA,,
CONDITION_EPISODES_SMI,LOCAL,SMI,,
CONDITION_EPISODES_STIA,LOCAL,STIA,,
CONDITION_EPISODES_THY,LOCAL,THY,,
COPD015,QOF,COPD,,
COVID_AGE_75_PLUS,COVID,,Prevention,COVID vaccination
COVID_ASPLENIA,COVID,,Haematology,Asplenia
COVID_ASTHMA,COVID,AST,,
COVID_CHRONIC_HEART_DISEASE,COVID,,Cardiovascular,Chronic heart disease
COVID_CHRONIC_KIDNEY_DISEASE,COVID,CKD,,
COVID_CHRONIC_LIVER_DISEASE,COVID,CLD,,
COVID_CHRONIC_NEUROLOGICAL_DISEASE,COVID,,Neurology,Chronic neurological disease
COVID_CHRONIC_RESPIRATORY_DISEASE,COVID,,Respiratory,Chronic respiratory disease
COVID_DIABETES,COVID,DM,,
COVID_ELIGIBILITY_OVERALL,COVID,,Prevention,COVID vaccination
COVID_FLU_DASHBOARD_BASE,LOCAL,,Prevention,COVID and flu vaccination
COVID_FLU_UPTAKE_COMBINED,LOCAL,,Prevention,COVID and flu vaccination
COVID_GESTATIONAL_DIABETES,COVID,GESTDIAB,,
COVID_HOMELESS,COVID,,Population,Homelessness
COVID_IMMUNOSUPPRESSION,COVID,,Haematology,Immunosuppression
COVID_LEARNING_DISABILITY,COVID,LD,,
COVID_LONG_TERM_RESIDENTIAL_CARE,COVID,,Prevention,COVID vaccination
COVID_MORBID_OBESITY,COVID,OB,,
COVID_PREGNANCY,COVID,,Sexual and reproductive health,Maternity
COVID_SEVERE_MENTAL_ILLNESS,COVID,SMI,,
COVID_STATUS_TRACKING,COVID,,Prevention,COVID vaccination
COVID_UNDER_65_AT_RISK,COVID,,Multimorbidity,Vaccination risk groups
COVID_UPTAKE_COVERAGE,COVID,,Prevention,COVID vaccination
COVID_VACCINATION_DECLINED,COVID,,Prevention,COVID vaccination
COVID_VACCINATION_GIVEN,COVID,,Prevention,COVID vaccination
CREATININE_LATEST,LOCAL,,Renal,Kidney function
CYP_AST,LOCAL,CYP_AST,,
DEM001,QOF,DEM,,
DEMO_ETHNICITY,LOCAL,,Population,Demographics
DEMO_LANGUAGE,LOCAL,,Population,Demographics
DEP001,QOF,DEP,,
DM017,QOF,DM,,
DM_8_CARE_PROCESSES,QOF,DM,,
DM_9_CARE_PROCESSES,QOF,DM,,
DM_TRIPLE_TARGET,LOCAL,DM,,
EP001,QOF,EP,,
FH,LOCAL,FH,,
FLU_ASPLENIA,FLU,,Haematology,Asplenia
FLU_ASTHMA,FLU,AST,,
FLU_CARER,FLU,,Prevention,Flu vaccination
FLU_CARE_HOME_RESIDENT,FLU,,Prevention,Flu vaccination
FLU_CHILDREN_PRESCHOOL,FLU,,Prevention,Flu vaccination
FLU_CHILDREN_SCHOOL,FLU,,Prevention,Flu vaccination
FLU_CHRONIC_HEART,FLU,,Cardiovascular,Chronic heart disease
FLU_CHRONIC_KIDNEY,FLU,CKD,,
FLU_CHRONIC_LIVER,FLU,CLD,,
FLU_CHRONIC_NEUROLOGICAL,FLU,,Neurology,Chronic neurological disease
FLU_CHRONIC_RESPIRATORY,FLU,,Respiratory,Chronic respiratory disease
FLU_DIABETES,FLU,DM,,
FLU_ELIGIBILITY_OVERALL,FLU,,Prevention,Flu vaccination
FLU_HEALTHCARE_WORKER,FLU,,Prevention,Flu vaccination
FLU_HOMELESS,FLU,,Population,Homelessness
FLU_HOUSEHOLD_IMMUNOCOMPROMISED,FLU,,Prevention,Flu vaccination
FLU_IMMUNOSUPPRESSION,FLU,,Haematology,Immunosuppression
FLU_LEARNING_DISABILITY,FLU,LD,,
FLU_OVER_65,FLU,,Prevention,Flu vaccination
FLU_PREGNANCY,FLU,,Sexual and reproductive health,Maternity
FLU_SEVERE_OBESITY,FLU,OB,,
FLU_STATUS_TRACKING,FLU,,Prevention,Flu vaccination
FLU_UNDER_65_AT_RISK,FLU,,Multimorbidity,Vaccination risk groups
FLU_UPTAKE_COVERAGE,FLU,,Prevention,Flu vaccination
FRAILTY,LOCAL,FRAIL,,
GDM,LOCAL,GESTDIAB,,
HBA1C_LATEST,LOCAL,,Metabolic,Glycaemia
HF001,QOF,HF,,
HYP001,QOF,HTN,,
HYPOTHYROIDISM,LOCAL,THY,,
IND100,NICE,DM,,
IND101,NICE,COPD,,
IND104,NICE,DEP,,
IND107,NICE,RA,,
IND108,NICE,RA,,
IND110,NICE,RA,,
IND111,NICE,DM,,
IND112,NICE,,Cardiovascular,Cardiovascular risk
IND113,NICE,CAN,,
IND115,NICE,HTN,,
IND116,NICE,DM,,
IND117,NICE,EP,,
IND118,NICE,DEM,,
IND119,NICE,LD,,
IND120,NICE,DM,,
IND121,NICE,HTN,,
IND122,NICE,HTN,,
IND123,NICE,HTN,,
IND124,NICE,SMI,,
IND125,NICE,CHD,,
IND126,NICE,CHD,,
IND127,NICE,AF,,
IND128,NICE,AF,,
IND129,NICE,CKD,,
IND130,NICE,CKD,,
IND131,NICE,CHD,,
IND132,NICE,CHD,,
IND133,NICE,STIA,,
IND134,NICE,DM,,
IND135,NICE,DM,,
IND136,NICE,DM,,
IND137,NICE,DM,,
IND138,NICE,THY,,
IND139,NICE,THY,,
IND140,NICE,COPD,,
IND141,NICE,COPD,,
IND142,NICE,DEM,,
IND143,NICE,SMI,,
IND144,NICE,CKD,,
IND148,NICE,,Sexual and reproductive health,Contraception
IND149,NICE,,Sexual and reproductive health,Contraception
IND150,NICE,SMI,,
IND152,NICE,,Prevention,Flu vaccination
IND154,NICE,SMI,,
IND155,NICE,SMI,,
IND156,NICE,,Lifestyle,Smoking
IND157,NICE,,Lifestyle,Smoking
IND158,NICE,SMI,,
IND159,NICE,SMI,,
IND160,NICE,DM,,
IND161,NICE,,Cardiovascular,Cardiovascular risk
IND163,NICE,DM,,
IND164,NICE,STIA,,
IND165,NICE,DM,,
IND169,NICE,AF,,
IND170,NICE,NDH,,
IND171,NICE,NDH,,
IND172,NICE,NDH,,
IND173,NICE,GESTDIAB,,
IND174,NICE,,Renal,Acute kidney injury
IND175,NICE,AUTISM,,
IND176,NICE,,Sexual and reproductive health,Cervical screening
IND177,NICE,,Sexual and reproductive health,Cervical screening
IND178,NICE,,Sexual and reproductive health,Maternity
IND179,NICE,DM,,
IND180,NICE,DM,,
IND181,NICE,DM,,
IND185,NICE,AF,,
IND186,NICE,AST,,
IND189,NICE,AST,,
IND190,NICE,COPD,,
IND191,NICE,COPD,,
IND192,NICE,HF,,
IND195,NICE,HF,,
IND196,NICE,HTN,,
IND197,NICE,HTN,,
IND198,NICE,,Mental Health,Depression and anxiety
IND199,NICE,,Mental Health,Depression and anxiety
IND200,NICE,SMI,,
IND201,NICE,,Multimorbidity,Multimorbidity
IND202,NICE,,Multimorbidity,Multimorbidity
IND205,NICE,,Multimorbidity,Multimorbidity
IND206,NICE,FRAIL,,
IND207,NICE,,Multimorbidity,Multimorbidity
IND208,NICE,FRAIL,,
IND210,NICE,,Sexual and reproductive health,HIV testing
IND212,NICE,COPD,,
IND213,NICE,SMI,,
IND214,NICE,SMI,,
IND215,NICE,,Prevention,Childhood immunisation
IND216,NICE,,Prevention,Childhood immunisation
IND217,NICE,,Prevention,Childhood immunisation
IND218,NICE,,Prevention,Childhood immunisation
IND219,NICE,,Prevention,Shingles vaccination
IND220,NICE,OB,,
IND221,NICE,OB,,
IND222,NICE,CAN,,
IND223,NICE,CAN,,
IND224,NICE,,Prevention,Childhood immunisation
IND225,NICE,,Prevention,Childhood immunisation
IND226,NICE,,Prevention,Childhood immunisation
IND229,NICE,,Cardiovascular,Cardiovascular risk
IND230,NICE,,Cardiovascular,Secondary prevention
IND231,NICE,CKD,,
IND232,NICE,,Renal,Kidney function
IND233,NICE,CKD,,
IND234,NICE,CKD,,
IND235,NICE,CKD,,
IND237,NICE,,Metabolic,Overweight or obesity
IND238,NICE,OB,,
IND239,NICE,HTN,,
IND240,NICE,HTN,,
IND241,NICE,CHD,,
IND242,NICE,CHD,,
IND243,NICE,STIA,,
IND244,NICE,STIA,,
IND245,NICE,PAD,,
IND246,NICE,PAD,,
IND247,NICE,AF,,
IND248,NICE,SMI,,
IND249,NICE,DM,,
IND250,NICE,CAN,,
IND251,NICE,CHD,,
IND252,NICE,DEM,,
IND253,NICE,EP,,
IND254,NICE,HF,,
IND255,NICE,HTN,,
IND256,NICE,,Mental Health,"Psychosis, bipolar disorder or lithium therapy"
IND257,NICE,SMI,,
IND258,NICE,PC,,
IND259,NICE,STIA,,
IND260,NICE,FH,,
IND261,NICE,FH,,
IND263,NICE,CKD,,
IND264,NICE,CKD,,
IND265,NICE,LD,,
IND266,NICE,LD,,
IND267,NICE,,Oncology,Colorectal cancer assessment
IND269,NICE,,Cardiovascular,Cardiovascular risk
IND270,NICE,,Cardiovascular,Cardiovascular risk
IND272,NICE,AST,,
IND273,NICE,AST,,
IND274,NICE,DM,,
IND275,NICE,DM,,
IND276,NICE,DM,,
IND277,NICE,DM,,
IND278,NICE,,Cardiovascular,Secondary prevention
IND287,NICE,,Cardiovascular,Cardiovascular risk
IND315,NICE,AST,,
IND316,NICE,AST,,
IND317,NICE,HF,,
IND318,NICE,HF,,
IND319,NICE,,Lifestyle,Weight management
IND320,NICE,,Lifestyle,Weight management
IND321,NICE,,Sexual and reproductive health,Cervical screening
IND324,NICE,CKD,,
IND78,NICE,,Sexual and reproductive health,Contraception
IND79,NICE,LD,,
IND80,NICE,DEM,,
IND81,NICE,DM,,
IND82,NICE,SMI,,
IND83,NICE,SMI,,
IND84,NICE,SMI,,
IND85,NICE,SMI,,
IND86,NICE,,Mental Health,Lithium monitoring
IND87,NICE,,Mental Health,Lithium monitoring
IND88,NICE,DM,,
IND89,NICE,DM,,
IND90,NICE,OST,,
IND91,NICE,OST,,
IND92,NICE,,Musculoskeletal,Fragility fracture
IND93,NICE,PAD,,
IND94,NICE,PAD,,
IND97,NICE,,Lifestyle,Smoking
IND98,NICE,,Lifestyle,Smoking
IND99,NICE,,Lifestyle,Smoking
LD005,QOF,LD,,
LD_U14,LOCAL,LD_U14,,
LTC_LCS_CF_AF_61,LTC_LCS,AF,,
LTC_LCS_CF_AF_62,LTC_LCS,AF,,
LTC_LCS_CF_BASE_POPULATION,LTC_LCS,,Population,LTC LCS population
LTC_LCS_CF_CKD_61,LTC_LCS,CKD,,
LTC_LCS_CF_CKD_62,LTC_LCS,CKD,,
LTC_LCS_CF_CKD_63,LTC_LCS,CKD,,
LTC_LCS_CF_CKD_64,LTC_LCS,CKD,,
LTC_LCS_CF_CVD_61,LTC_LCS,,Cardiovascular,Cardiovascular risk
LTC_LCS_CF_CVD_62,LTC_LCS,,Cardiovascular,Cardiovascular risk
LTC_LCS_CF_CVD_63,LTC_LCS,,Cardiovascular,Cardiovascular risk
LTC_LCS_CF_CVD_64,LTC_LCS,,Cardiovascular,Cardiovascular risk
LTC_LCS_CF_CVD_65,LTC_LCS,,Cardiovascular,Cardiovascular risk
LTC_LCS_CF_CVD_66,LTC_LCS,,Cardiovascular,Cardiovascular risk
LTC_LCS_CF_CYP_AST_61,LTC_LCS,CYP_AST,,
LTC_LCS_CF_DASHBOARD_BASE,LTC_LCS,,Population,LTC LCS population
LTC_LCS_CF_DM_61,LTC_LCS,DM,,
LTC_LCS_CF_DM_62,LTC_LCS,GESTDIAB,,
LTC_LCS_CF_DM_63,LTC_LCS,DM,,
LTC_LCS_CF_DM_64,LTC_LCS,DM,,
LTC_LCS_CF_DM_65,LTC_LCS,DM,,
LTC_LCS_CF_DM_66,LTC_LCS,DM,,
LTC_LCS_CF_HF_61,LTC_LCS,HF,,
LTC_LCS_CF_HTN_61,LTC_LCS,HTN,,
LTC_LCS_CF_HTN_62,LTC_LCS,HTN,,
LTC_LCS_CF_HTN_63,LTC_LCS,HTN,,
LTC_LCS_CF_HTN_65,LTC_LCS,HTN,,
LTC_LCS_CF_HTN_66,LTC_LCS,HTN,,
LTC_LCS_OUTCOMES_HTN_BP_CONTROL,LTC_LCS,HTN,,
LTC_LCS_OUTCOMES_HTN_BP_CONTROL_FY,LTC_LCS,HTN,,
LTC_LCS_OUTCOMES_HTN_BP_CONTROL_FY_LAST,LTC_LCS,HTN,,
MH001,QOF,SMI,,
MND,LOCAL,MND,,
MS,LOCAL,MS,,
NAFLD,LOCAL,NAFLD,,
NDH001,QOF,,Multimorbidity,Multimorbidity
NDH_CLINICAL,LOCAL,NDH,,
NG136_BP,LOCAL,HTN,,
OB001,QOF,OB,,
OST004,QOF,OST,,
OSTEOARTHRITIS,LOCAL,OA,,
PAD001,QOF,PAD,,
PARKINSONS,LOCAL,PD,,
PC001,QOF,PC,,
RA001,QOF,RA,,
SCD,LOCAL,SCD,,
STIA001,QOF,STIA,,
THAL,LOCAL,THAL,,
