currency_code,section,population_group,currency_family,setting_code,currency_name,unit,price_gbp,additional_notes
MAA98Z,Mental Health Inpatient Spells,MAA,98,Z,Adult - Psychosis and Bipolar Disorders - Inpatient,Bed Day,616.55,
MAA98A,Mental Health Inpatient Spells,MAA,98,A,Adult - Psychosis and Bipolar Disorders - Inpatient - Acute & PICU,Bed Day,626.47,
MAA98B,Mental Health Inpatient Spells,MAA,98,B,Adult - Psychosis and Bipolar Disorders - Inpatient - Rehab,Bed Day,447.24,
MAA98C,Mental Health Inpatient Spells,MAA,98,C,Adult - Psychosis and Bipolar Disorders - Inpatient - Specialist,Bed Day,,Specialised service - out of scope
MAA98D,Mental Health Inpatient Spells,MAA,98,D,Adult - Psychosis and Bipolar Disorders - Inpatient - Forensic,Bed Day,,Specialised service - out of scope
MAB98Z,Mental Health Inpatient Spells,MAB,98,Z,Adult - Mood and Anxiety Disorders - Inpatient,Bed Day,581.25,
MAB98A,Mental Health Inpatient Spells,MAB,98,A,Adult - Mood and Anxiety Disorders - Inpatient - Acute & PICU,Bed Day,583.93,
MAB98B,Mental Health Inpatient Spells,MAB,98,B,Adult - Mood and Anxiety Disorders - Inpatient - Rehab,Bed Day,475.03,
MAB98C,Mental Health Inpatient Spells,MAB,98,C,Adult - Mood and Anxiety Disorders - Inpatient - Specialist,Bed Day,,Specialised service - out of scope
MAB98D,Mental Health Inpatient Spells,MAB,98,D,Adult - Mood and Anxiety Disorders - Inpatient - Forensic,Bed Day,,Specialised service - out of scope
MAE98Z,Mental Health Inpatient Spells,MAE,98,Z,Adult - Neurocognitive Disorders - Inpatient,Bed Day,708.25,
MAE98A,Mental Health Inpatient Spells,MAE,98,A,Adult - Neurocognitive Disorders - Inpatient - Acute & PICU,Bed Day,664.06,
MAE98B,Mental Health Inpatient Spells,MAE,98,B,Adult - Neurocognitive Disorders - Inpatient - Rehab,Bed Day,779.74,
MAE98C,Mental Health Inpatient Spells,MAE,98,C,Adult - Neurocognitive Disorders - Inpatient - Specialist,Bed Day,1513.23,
MAE98D,Mental Health Inpatient Spells,MAE,98,D,Adult - Neurocognitive Disorders - Inpatient - Forensic,Bed Day,,Specialised service - out of scope
MAF98Z,Mental Health Inpatient Spells,MAF,98,Z,Adult - Personality Disorders - Inpatient,Bed Day,646.57,
MAF98A,Mental Health Inpatient Spells,MAF,98,A,Adult - Personality Disorders - Inpatient - Acute & PICU,Bed Day,648.81,
MAF98B,Mental Health Inpatient Spells,MAF,98,B,Adult - Personality Disorders - Inpatient - Rehab,Bed Day,541.12,
MAF98C,Mental Health Inpatient Spells,MAF,98,C,Adult - Personality Disorders - Inpatient - Specialist,Bed Day,,Specialised service - out of scope
MAF98D,Mental Health Inpatient Spells,MAF,98,D,Adult - Personality Disorders - Inpatient - Forensic,Bed Day,,Specialised service - out of scope
MBC98Z,Mental Health Inpatient Spells,MBC,98,Z,All Age - Eating and Feeding Disorders - Inpatient,Bed Day,,All currencies in population group are specialised and out of scope
MBC98A,Mental Health Inpatient Spells,MBC,98,A,All Age - Eating and Feeding Disorders - Inpatient - Acute & PICU,Bed Day,,Specialised service - out of scope
MBC98B,Mental Health Inpatient Spells,MBC,98,B,All Age - Eating and Feeding Disorders - Inpatient - Rehab,Bed Day,,Specialised service - out of scope
MBC98C,Mental Health Inpatient Spells,MBC,98,C,All Age - Eating and Feeding Disorders - Inpatient - Specialist,Bed Day,,Specialised service - out of scope
MBC98D,Mental Health Inpatient Spells,MBC,98,D,All Age - Eating and Feeding Disorders - Inpatient - Forensic,Bed Day,,Specialised service - out of scope
MBY98Z,Mental Health Inpatient Spells,MBY,98,Z,All Age - Neurodevelopmental Disorders - Inpatient,Bed Day,889.42,
MBY98A,Mental Health Inpatient Spells,MBY,98,A,All Age - Neurodevelopmental Disorders - Inpatient - Acute & PICU,Bed Day,639.4,
MBY98B,Mental Health Inpatient Spells,MBY,98,B,All Age - Neurodevelopmental Disorders - Inpatient - Rehab,Bed Day,477.14,Unit cost based on setting average
MBY98C,Mental Health Inpatient Spells,MBY,98,C,All Age - Neurodevelopmental Disorders - Inpatient - Specialist,Bed Day,940.23,Unit cost for core commissioned only
MBY98D,Mental Health Inpatient Spells,MBY,98,D,All Age - Neurodevelopmental Disorders - Inpatient - Forensic,Bed Day,,Specialised service - out of scope
MCG98Z,Mental Health Inpatient Spells,MCG,98,Z,CYP - Other - Inpatient,Bed Day,1215.87,
MCG98A,Mental Health Inpatient Spells,MCG,98,A,CYP - Other - Inpatient - Acute & PICU,Bed Day,827.61,Unit cost for core commissioned only
MCG98B,Mental Health Inpatient Spells,MCG,98,B,CYP - Other - Inpatient - Rehab,Bed Day,477.14,Unit cost based on setting average
MCG98C,Mental Health Inpatient Spells,MCG,98,C,CYP - Other - Inpatient - Specialist,Bed Day,,Specialised service - out of scope
MCG98D,Mental Health Inpatient Spells,MCG,98,D,CYP - Other - Inpatient - Forensic,Bed Day,,Specialised service - out of scope
MBU98Z,Mental Health Inpatient Spells,MBU,98,Z,Other/Unclassified - Inpatient,Bed Day,580.82,
MBU98A,Mental Health Inpatient Spells,MBU,98,A,Other/Unclassified - Inpatient - Acute & PICU,Bed Day,624.17,Unit cost based on setting average
MBU98B,Mental Health Inpatient Spells,MBU,98,B,Other/Unclassified - Inpatient - Rehab,Bed Day,477.14,Unit cost based on setting average
MBU98C,Mental Health Inpatient Spells,MBU,98,C,Other/Unclassified - Inpatient - Specialist,Bed Day,1513.23,Unit cost based on setting average
MBU98D,Mental Health Inpatient Spells,MBU,98,D,Other/Unclassified - Inpatient - Forensic,Bed Day,,Specialised service - out of scope
MAA96Z,Mental Health Care Contacts,MAA,96,Z,Adult - Psychosis and Bipolar Disorders - Community,Contact,212.17,
MAA96A,Mental Health Care Contacts,MAA,96,A,Adult - Psychosis and Bipolar Disorders - Community - CMHT,Contact,182.61,
MAA96B,Mental Health Care Contacts,MAA,96,B,Adult - Psychosis and Bipolar Disorders - Community - Specialist,Contact,230.81,
MAA96C,Mental Health Care Contacts,MAA,96,C,Adult - Psychosis and Bipolar Disorders - Community - Forensic,Contact,400.11,
MAA96D,Mental Health Care Contacts,MAA,96,D,Adult - Psychosis and Bipolar Disorders - Community - Day Hospitals & Community Rehab,Contact,227.53,
MAA97Z,Mental Health Care Contacts,MAA,97,Z,Adult - Psychosis and Bipolar Disorders - Crisis,Contact,284.55,
MAA97A,Mental Health Care Contacts,MAA,97,A,Adult - Psychosis and Bipolar Disorders - Crisis - Core Services,Contact,299.17,
MAA97B,Mental Health Care Contacts,MAA,97,B,Adult - Psychosis and Bipolar Disorders - Crisis - Alternatives,Contact,201.8,
MAA97C,Mental Health Care Contacts,MAA,97,C,Adult - Psychosis and Bipolar Disorders - Crisis - MH Crisis Assessment Centres,Contact,284.55,Unit cost based on population/setting average
MAA97D,Mental Health Care Contacts,MAA,97,D,Adult - Psychosis and Bipolar Disorders - Crisis - A&E Linked Crisis Services,Contact,243.86,
MAB96Z,Mental Health Care Contacts,MAB,96,Z,Adult - Mood and Anxiety Disorders - Community,Contact,215.43,
MAB96A,Mental Health Care Contacts,MAB,96,A,Adult - Mood and Anxiety Disorders - Community - CMHT,Contact,206.3,
MAB96B,Mental Health Care Contacts,MAB,96,B,Adult - Mood and Anxiety Disorders - Community - Specialist,Contact,280.88,
MAB96C,Mental Health Care Contacts,MAB,96,C,Adult - Mood and Anxiety Disorders - Community - Forensic,Contact,277.06,
MAB96D,Mental Health Care Contacts,MAB,96,D,Adult - Mood and Anxiety Disorders - Community - Day Hospitals & Community Rehab,Contact,242.92,
MAB97Z,Mental Health Care Contacts,MAB,97,Z,Adult - Mood and Anxiety Disorders - Crisis,Contact,213.27,
MAB97A,Mental Health Care Contacts,MAB,97,A,Adult - Mood and Anxiety Disorders - Crisis - Core Services,Contact,276.08,
MAB97B,Mental Health Care Contacts,MAB,97,B,Adult - Mood and Anxiety Disorders - Crisis - Alternatives,Contact,146.67,
MAB97C,Mental Health Care Contacts,MAB,97,C,Adult - Mood and Anxiety Disorders - Crisis - MH Crisis Assessment Centres,Contact,213.27,Unit cost based on population/setting average
MAB97D,Mental Health Care Contacts,MAB,97,D,Adult - Mood and Anxiety Disorders - Crisis - A&E Linked Crisis Services,Contact,236.83,
MAE96Z,Mental Health Care Contacts,MAE,96,Z,Adult - Neurocognitive Disorders - Community,Contact,197.05,
MAE96A,Mental Health Care Contacts,MAE,96,A,Adult - Neurocognitive Disorders - Community - CMHT,Contact,209.6,
MAE96B,Mental Health Care Contacts,MAE,96,B,Adult - Neurocognitive Disorders - Community - Specialist,Contact,183.95,
MAE96C,Mental Health Care Contacts,MAE,96,C,Adult - Neurocognitive Disorders - Community - Forensic,Contact,735.49,
MAE96D,Mental Health Care Contacts,MAE,96,D,Adult - Neurocognitive Disorders - Community - Day Hospitals & Community Rehab,Contact,205.65,
MAE97Z,Mental Health Care Contacts,MAE,97,Z,Adult - Neurocognitive Disorders - Crisis,Contact,216.24,
MAE97A,Mental Health Care Contacts,MAE,97,A,Adult - Neurocognitive Disorders - Crisis - Core Services,Contact,226.1,
MAE97B,Mental Health Care Contacts,MAE,97,B,Adult - Neurocognitive Disorders - Crisis - Alternatives,Contact,182.22,
MAE97C,Mental Health Care Contacts,MAE,97,C,Adult - Neurocognitive Disorders - Crisis - MH Crisis Assessment Centres,Contact,216.24,Unit cost based on population/setting average
MAE97D,Mental Health Care Contacts,MAE,97,D,Adult - Neurocognitive Disorders - Crisis - A&E Linked Crisis Services,Contact,205.74,
MAF96Z,Mental Health Care Contacts,MAF,96,Z,Adult - Personality Disorders - Community,Contact,202.46,
MAF96A,Mental Health Care Contacts,MAF,96,A,Adult - Personality Disorders - Community - CMHT,Contact,207.59,
MAF96B,Mental Health Care Contacts,MAF,96,B,Adult - Personality Disorders - Community - Specialist,Contact,188.35,
MAF96C,Mental Health Care Contacts,MAF,96,C,Adult - Personality Disorders - Community - Forensic,Contact,458.04,
MAF96D,Mental Health Care Contacts,MAF,96,D,Adult - Personality Disorders - Community - Day Hospitals & Community Rehab,Contact,344.03,
MAF97Z,Mental Health Care Contacts,MAF,97,Z,Adult - Personality Disorders - Crisis,Contact,234.55,
MAF97A,Mental Health Care Contacts,MAF,97,A,Adult - Personality Disorders - Crisis - Core Services,Contact,217.45,
MAF97B,Mental Health Care Contacts,MAF,97,B,Adult - Personality Disorders - Crisis - Alternatives,Contact,260.5,
MAF97C,Mental Health Care Contacts,MAF,97,C,Adult - Personality Disorders - Crisis - MH Crisis Assessment Centres,Contact,234.55,Unit cost based on population/setting average
MAF97D,Mental Health Care Contacts,MAF,97,D,Adult - Personality Disorders - Crisis - A&E Linked Crisis Services,Contact,274.31,
MAZ99Z,Mental Health Care Contacts,MAZ,99,Z,Adult - Cross-cutting crisis,Contact,227.8,
MAZ99A,Mental Health Care Contacts,MAZ,99,A,Adult - Cross-cutting crisis - Core Services,Contact,227.8,Unit cost based on Adult - Cross-cutting crisis average
MAZ99B,Mental Health Care Contacts,MAZ,99,B,Adult - Cross-cutting crisis - Alternatives,Contact,227.8,Unit cost based on Adult - Cross-cutting crisis average
MAZ99C,Mental Health Care Contacts,MAZ,99,C,Adult - Cross-cutting crisis - MH Crisis Assessment Centres,Contact,227.8,Unit cost based on Adult - Cross-cutting crisis average
MAZ99D,Mental Health Care Contacts,MAZ,99,D,Adult - Cross-cutting crisis - A&E Linked Crisis Services,Contact,227.8,Unit cost based on Adult - Cross-cutting crisis average
MBC96Z,Mental Health Care Contacts,MBC,96,Z,All Age - Eating and Feeding Disorders - Community,Contact,250.79,
MBC96A,Mental Health Care Contacts,MBC,96,A,All Age - Eating and Feeding Disorders - Community - CMHT,Contact,286.78,
MBC96B,Mental Health Care Contacts,MBC,96,B,All Age - Eating and Feeding Disorders - Community - Specialist,Contact,246.93,
MBC96C,Mental Health Care Contacts,MBC,96,C,All Age - Eating and Feeding Disorders - Community - Forensic,Contact,251.35,Unit cost based on population/setting average
MBC96D,Mental Health Care Contacts,MBC,96,D,All Age - Eating and Feeding Disorders - Community - Day Hospitals & Community Rehab,Contact,254.33,Unit cost based on population/setting average
MBC97Z,Mental Health Care Contacts,MBC,97,Z,All Age - Eating and Feeding Disorders - Crisis,Contact,205.47,
MBC97A,Mental Health Care Contacts,MBC,97,A,All Age - Eating and Feeding Disorders - Crisis - Core Services,Contact,202.55,
MBC97B,Mental Health Care Contacts,MBC,97,B,All Age - Eating and Feeding Disorders - Crisis - Alternatives,Contact,256.8,
MBC97C,Mental Health Care Contacts,MBC,97,C,All Age - Eating and Feeding Disorders - Crisis - MH Crisis Assessment Centres,Contact,205.47,Unit cost based on population/setting average
MBC97D,Mental Health Care Contacts,MBC,97,D,All Age - Eating and Feeding Disorders - Crisis - A&E Linked Crisis Services,Contact,232.97,
MBY96Z,Mental Health Care Contacts,MBY,96,Z,All Age - Neurodevelopmental Disorders - Community,Contact,296.44,
MBY96A,Mental Health Care Contacts,MBY,96,A,All Age - Neurodevelopmental Disorders - Community - CMHT,Contact,290.75,
MBY96B,Mental Health Care Contacts,MBY,96,B,All Age - Neurodevelopmental Disorders - Community - Specialist,Contact,292.32,
MBY96C,Mental Health Care Contacts,MBY,96,C,All Age - Neurodevelopmental Disorders - Community - Forensic,Contact,357.23,
MBY96D,Mental Health Care Contacts,MBY,96,D,All Age - Neurodevelopmental Disorders - Community - Day Hospitals & Community Rehab,Contact,289.13,
MBY97Z,Mental Health Care Contacts,MBY,97,Z,All Age - Neurodevelopmental Disorders - Crisis,Contact,262.51,
MBY97A,Mental Health Care Contacts,MBY,97,A,All Age - Neurodevelopmental Disorders - Crisis - Core Services,Contact,229.23,
MBY97B,Mental Health Care Contacts,MBY,97,B,All Age - Neurodevelopmental Disorders - Crisis - Alternatives,Contact,276.23,
MBY97C,Mental Health Care Contacts,MBY,97,C,All Age - Neurodevelopmental Disorders - Crisis - MH Crisis Assessment Centres,Contact,262.51,Unit cost based on population/setting average
MBY97D,Mental Health Care Contacts,MBY,97,D,All Age - Neurodevelopmental Disorders - Crisis - A&E Linked Crisis Services,Contact,266.09,
MCS99Z,Mental Health Care Contacts,MCS,99,Z,CYP - Mental Health Support Teams,Contact,273.09,Unit cost based on CYP contact average
MCG96Z,Mental Health Care Contacts,MCG,96,Z,CYP - Other - Community,Contact,269.79,
MCG96A,Mental Health Care Contacts,MCG,96,A,CYP - Other - Community - CMHT,Contact,263.89,
MCG96B,Mental Health Care Contacts,MCG,96,B,CYP - Other - Community - Specialist,Contact,324.54,
MCG96C,Mental Health Care Contacts,MCG,96,C,CYP - Other - Community - Forensic,Contact,435.92,
MCG96D,Mental Health Care Contacts,MCG,96,D,CYP - Other - Community - Day Hospitals & Community Rehab,Contact,553.26,
MCG97Z,Mental Health Care Contacts,MCG,97,Z,CYP - Other - Crisis,Contact,297.82,
MCG97A,Mental Health Care Contacts,MCG,97,A,CYP - Other - Crisis - Core Services,Contact,339.93,
MCG97B,Mental Health Care Contacts,MCG,97,B,CYP - Other - Crisis - Alternatives,Contact,247.46,
MCG97C,Mental Health Care Contacts,MCG,97,C,CYP - Other - Crisis - MH Crisis Assessment Centres,Contact,307.37,Unit cost based on population/setting average
MCG97D,Mental Health Care Contacts,MCG,97,D,CYP - Other - Crisis - A&E Linked Crisis Services,Contact,345.5,
MBU96Z,Mental Health Care Contacts,MBU,96,Z,Other/Unclassified - Community,Contact,232.62,
MBU96A,Mental Health Care Contacts,MBU,96,A,Other/Unclassified - Community - CMHT,Contact,232.62,Unit cost based on Other/Unclassified - Community average
MBU96B,Mental Health Care Contacts,MBU,96,B,Other/Unclassified - Community - Specialist,Contact,232.62,Unit cost based on Other/Unclassified - Community average
MBU96C,Mental Health Care Contacts,MBU,96,C,Other/Unclassified - Community - Forensic,Contact,232.62,Unit cost based on Other/Unclassified - Community average
MBU96D,Mental Health Care Contacts,MBU,96,D,Other/Unclassified - Community - Day Hospitals & Community Rehab,Contact,232.62,Unit cost based on Other/Unclassified - Community average
MBU97Z,Mental Health Care Contacts,MBU,97,Z,Other/Unclassified - Crisis,Contact,255.08,
MBU97A,Mental Health Care Contacts,MBU,97,A,Other/Unclassified - Crisis - Core Services,Contact,255.08,Unit cost based on Other/Unclassified - Crisis average
MBU97B,Mental Health Care Contacts,MBU,97,B,Other/Unclassified - Crisis - Alternatives,Contact,255.08,Unit cost based on Other/Unclassified - Crisis average
MBU97C,Mental Health Care Contacts,MBU,97,C,Other/Unclassified - Crisis - MH Crisis Assessment Centres,Contact,255.08,Unit cost based on Other/Unclassified - Crisis average
MBU97D,Mental Health Care Contacts,MBU,97,D,Other/Unclassified - Crisis - A&E Linked Crisis Services,Contact,255.08,Unit cost based on Other/Unclassified - Crisis average
MAT01A,Talking Therapies,,,,Depression - Mild - Low Intensity,Contact,103.08,
MAT01B,Talking Therapies,,,,Depression - Mild - High Intensity,Contact,154.9,
MAT01C,Talking Therapies,,,,Depression - Moderate - Low Intensity,Contact,96.72,
MAT01D,Talking Therapies,,,,Depression - Moderate - High Intensity,Contact,133.92,
MAT01E,Talking Therapies,,,,Depression - Severe - Low Intensity,Contact,111.66,
MAT01F,Talking Therapies,,,,Depression - Severe - High Intensity,Contact,141.87,
MAT02A,Talking Therapies,,,,Generalised Anxiety - Mild - Low Intensity,Contact,132.11,
MAT02B,Talking Therapies,,,,Generalised Anxiety - Mild - High Intensity,Contact,149.39,
MAT02C,Talking Therapies,,,,Generalised Anxiety - Moderate - Low Intensity,Contact,89.85,
MAT02D,Talking Therapies,,,,Generalised Anxiety - Moderate - High Intensity,Contact,132.16,
MAT02E,Talking Therapies,,,,Generalised Anxiety - Severe - Low Intensity,Contact,108.08,
MAT02F,Talking Therapies,,,,Generalised Anxiety - Severe - High Intensity,Contact,156.79,
MAT03A,Talking Therapies,,,,Body Dysmorphic Disorder - Above/Equal Median - Low Intensity,Contact,114.54,Unit cost based on low intensity interventions for other pop groups
MAT03B,Talking Therapies,,,,Body Dysmorphic Disorder - Above/Equal Median - High Intensity,Contact,128.69,
MAT03C,Talking Therapies,,,,Body Dysmorphic Disorder - Below Median - Low Intensity,Contact,114.54,Unit cost based on low intensity interventions for other pop groups
MAT03D,Talking Therapies,,,,Body Dysmorphic Disorder - Below Median - High Intensity,Contact,177.94,
MAT04A,Talking Therapies,,,,Post-traumatic Stress - Above/Equal Median - Low Intensity,Contact,152.04,
MAT04B,Talking Therapies,,,,Post-traumatic Stress - Above/Equal Median - High Intensity,Contact,162.74,
MAT04C,Talking Therapies,,,,Post-traumatic Stress - Below Median - Low Intensity,Contact,186.89,
MAT04D,Talking Therapies,,,,Post-traumatic Stress - Below Median - High Intensity,Contact,186.57,
MAT05A,Talking Therapies,,,,Obsessive Compulsive - Above/Equal Median - Low Intensity,Contact,103.66,
MAT05B,Talking Therapies,,,,Obsessive Compulsive - Above/Equal Median - High Intensity,Contact,148.18,
MAT05C,Talking Therapies,,,,Obsessive Compulsive - Below Median - Low Intensity,Contact,114.86,
MAT05D,Talking Therapies,,,,Obsessive Compulsive - Below Median - High Intensity,Contact,171.61,
MAT06A,Talking Therapies,,,,Social Phobias - Above/Equal Median - Low Intensity,Contact,89.22,
MAT06B,Talking Therapies,,,,Social Phobias - Above/Equal Median - High Intensity,Contact,143.75,
MAT06C,Talking Therapies,,,,Social Phobias - Below Median - Low Intensity,Contact,105.32,
MAT06D,Talking Therapies,,,,Social Phobias - Below Median - High Intensity,Contact,181.85,
MAT07A,Talking Therapies,,,,Hypochondrial disorder - Above/Equal Median - Low Intensity,Contact,149.32,
MAT07B,Talking Therapies,,,,Hypochondrial disorder - Above/Equal Median - High Intensity,Contact,162.47,
MAT07C,Talking Therapies,,,,Hypochondrial disorder - Below Median - Low Intensity,Contact,107.86,
MAT07D,Talking Therapies,,,,Hypochondrial disorder - Below Median - High Intensity,Contact,196.8,
MAT08A,Talking Therapies,,,,Specific Phobias - Above/Equal Median - Low Intensity,Contact,106.41,
MAT08B,Talking Therapies,,,,Specific Phobias - Above/Equal Median - High Intensity,Contact,150.64,
MAT08C,Talking Therapies,,,,Specific Phobias - Below Median - Low Intensity,Contact,107.83,
MAT08D,Talking Therapies,,,,Specific Phobias - Below Median - High Intensity,Contact,160.7,
MAT09A,Talking Therapies,,,,Mixed Anxiety - Above/Equal Median - Low Intensity,Contact,134.57,
MAT09B,Talking Therapies,,,,Mixed Anxiety - Above/Equal Median - High Intensity,Contact,166.83,
MAT09C,Talking Therapies,,,,Mixed Anxiety - Below Median - Low Intensity,Contact,83.44,
MAT09D,Talking Therapies,,,,Mixed Anxiety - Below Median - High Intensity,Contact,157.09,
MAT10A,Talking Therapies,,,,Agoraphobia - Above/Equal Median - Low Intensity,Contact,118.12,
MAT10B,Talking Therapies,,,,Agoraphobia - Above/Equal Median - High Intensity,Contact,173.19,
MAT10C,Talking Therapies,,,,Agoraphobia - Below Median - Low Intensity,Contact,101.65,
MAT10D,Talking Therapies,,,,Agoraphobia - Below Median - High Intensity,Contact,161.44,
MAT11A,Talking Therapies,,,,Panic Disorder - Above/Equal Median - Low Intensity,Contact,94.83,
MAT11B,Talking Therapies,,,,Panic Disorder - Above/Equal Median - High Intensity,Contact,155.23,
MAT11C,Talking Therapies,,,,Panic Disorder - Below Median - Low Intensity,Contact,93.55,
MAT11D,Talking Therapies,,,,Panic Disorder - Below Median - High Intensity,Contact,182.37,
MAT12A,Talking Therapies,,,,Other Anxiety - Above/Equal Median - Low Intensity,Contact,124.69,
MAT12B,Talking Therapies,,,,Other Anxiety - Above/Equal Median - High Intensity,Contact,141.29,
MAT12C,Talking Therapies,,,,Other Anxiety - Below Median - Low Intensity,Contact,114.54,Unit cost based on low intensity interventions for other pop groups
MAT12D,Talking Therapies,,,,Other Anxiety - Below Median - High Intensity,Contact,177.54,
MAT13Z,Talking Therapies,,,,Other Mental Health Problems,Contact,153.62,
MAT14Z,Talking Therapies,,,,"Other Recorded Problems/ Unspecified, Invalid",Contact,126.59,
MAY80A,ADHD / ASD Assessment,,,,Adult - ADHD Assessment – Face-to-Face,Guide Price,850.0,As published in 26/27 NHS Payment Scheme
MAY80B,ADHD / ASD Assessment,,,,Adult - ADHD Assessment – Virtual,Guide Price,700.0,As published in 26/27 NHS Payment Scheme
MAY81Z,ADHD / ASD Assessment,,,,Adult - Titration Pathway,Guide Price,400.0,As published in 26/27 NHS Payment Scheme
MAY82A,ADHD / ASD Assessment,,,,Adult - Annual Review with Shared Care,Guide Price,150.0,As published in 26/27 NHS Payment Scheme
MAY82B,ADHD / ASD Assessment,,,,Adult - Annual Review without Shared Care,Guide Price,265.0,As published in 26/27 NHS Payment Scheme
MCY80Z,ADHD / ASD Assessment,,,,CYP - ADHD Assessment – Face-to-Face,Guide Price,950.0,As published in 26/27 NHS Payment Scheme
MCY81Z,ADHD / ASD Assessment,,,,CYP - Titration Pathway,Guide Price,400.0,As published in 26/27 NHS Payment Scheme
MCY82A,ADHD / ASD Assessment,,,,CYP – Review with Shared Care,Guide Price,100.0,As published in 26/27 NHS Payment Scheme
MCY82B,ADHD / ASD Assessment,,,,CYP – Review without Shared Care,Guide Price,130.0,As published in 26/27 NHS Payment Scheme
MAY83Z,ADHD / ASD Assessment,,,,Adult – Autism Assessment – Face-to-Face,Guide Price,1150.0,As published in 26/27 NHS Payment Scheme
MCY83Z,ADHD / ASD Assessment,,,,CYP – Autism Assessment – Face-to-Face,Guide Price,1350.0,As published in 26/27 NHS Payment Scheme
MAY84Z,ADHD / ASD Assessment,,,,Adult – Combined ADHD/Autism Assessment – Face-to-Face,Guide Price,1300.0,As published in 26/27 NHS Payment Scheme
MCY84Z,ADHD / ASD Assessment,,,,CYP – Combined ADHD/Autism Assessment – Face-to-Face,Guide Price,1500.0,As published in 26/27 NHS Payment Scheme
CAS00Z,Community Contacts,,,,Adult Short Term Intervention,Contact,72.64,
CAS01Z,Community Contacts,,,,Community musculoskeletal (MSK) care,Contact,60.35,
CAS02Z,Community Contacts,,,,Podiatry,Contact,64.96,
CAS03Z,Community Contacts,,,,Audiology,Contact,70.47,
CAS04Z,Community Contacts,,,,Phlebotomy,Contact,33.43,
CAS05Z,Community Contacts,,,,Dentistry,Contact,72.52,Unit cost based on population group average
CAS06Z,Community Contacts,,,,Community rehabilitation,Contact,102.5,
CAS07Z,Community Contacts,,,,District Nursing relating to Short Term Interventions,Contact,46.98,Unit cost based on average for adult district nursing
CAS08Z,Community Contacts,,,,Integrated MDT relating to Short Term Interventions,Contact,64.97,Unit cost based on average for adult MDT
CAS99Z,Community Contacts,,,,Other Short Term Interventions,Contact,79.16,
CAL00Z,Community Contacts,,,,Adult LTC - Management,Contact,82.16,
CAL01Z,Community Contacts,,,,"Continence, bladder and bowel",Contact,75.18,
CAL02Z,Community Contacts,,,,Respiratory (inc Home Oxygen),Contact,69.73,
CAL03Z,Community Contacts,,,,Diabetes,Contact,62.64,
CAL04Z,Community Contacts,,,,Tissue viability and wound care,Contact,107.17,
CAL05Z,Community Contacts,,,,Lymphoedema,Contact,79.96,Unit cost based on population group average
CAL06Z,Community Contacts,,,,Heart failure,Contact,79.96,Unit cost based on population group average
CAL07Z,Community Contacts,,,,Cardiology,Contact,67.62,
CAL08Z,Community Contacts,,,,Neurological conditions,Contact,126.42,
CAL09Z,Community Contacts,,,,District Nursing relating to Management of LTC,Contact,46.98,Unit cost based on average for adult district nursing
CAL10Z,Community Contacts,,,,Integrated MDT relating to Management of LTC,Contact,64.97,Unit cost based on average for adult MDT
CAL99Z,Community Contacts,,,,Other Management Of LTC,Contact,95.75,
CAT00Z,Community Contacts,,,,Adult LTC - Prevention,Contact,79.01,
CAT01Z,Community Contacts,,,,Occupational therapy,Contact,96.09,
CAT02Z,Community Contacts,,,,Nutrition and dietetics,Contact,79.39,
CAT03Z,Community Contacts,,,,Speech and language therapy,Contact,109.84,
CAT04Z,Community Contacts,,,,Physiotherapy,Contact,64.59,
CAT05Z,Community Contacts,,,,District nursing relating to Prevention of LTC,Contact,46.98,Unit cost based on average for adult district nursing
CAT06Z,Community Contacts,,,,Integrated MDT relating to Prevention of LTC,Contact,64.97,Unit cost based on average for adult MDT
CAT99Z,Community Contacts,,,,Other Prevention of Long Term Conditions,Contact,79.01,Unit cost based on population group average
CAF00Z,Community Contacts,,,,Frailty,Contact,58.12,Population aggregate currency - unit cost not calculated
CAF05Z,Community Contacts,,,,District Nursing relating to Prevention of Frailty,Contact,46.98,Unit cost based on average for adult district nursing
CAF06Z,Community Contacts,,,,Integrated MDT relating to Prevention of Frailty,Contact,64.97,Unit cost based on average for adult MDT
CAF99Z,Community Contacts,,,,Other Frailty Care,Contact,62.41,Unit cost based on average for all adult community contacts
CAE00Z,Community Contacts,,,,Adult LYOL,Contact,88.17,
CAE06Z,Community Contacts,,,,End of Life Care Service,Contact,90.37,
CAE07Z,Community Contacts,,,,Specialist Palliative Care Service,Contact,86.81,
CAE08Z,Community Contacts,,,,District Nursing relating to End of Life Care,Contact,46.98,Unit cost based on average for adult district nursing
CAE09Z,Community Contacts,,,,Integrated MDT relating to End of Life Care,Contact,64.97,Unit cost based on average for adult MDT
CAE99Z,Community Contacts,,,,Other LYOL Care,Contact,88.17,Unit cost based on population group average
CAQ00Z,Community Contacts,,,,Adult Equipment,Contact,97.35,
CAQ01Z,Community Contacts,,,,Appliances and Equipment,Contact,85.57,
CAQ02Z,Community Contacts,,,,Prosthetics,Contact,448.48,
CAQ03Z,Community Contacts,,,,Wheelchairs,Contact,192.57,
CAI00Z,Community Contacts,,,,Adult Intermediate Care,Contact,79.67,
CAI01Z,Community Contacts,,,,Crisis Response Intermediate Care Service,Contact,83.78,
CAI02Z,Community Contacts,,,,Reablement Intermediate Care Service,Contact,69.93,
CAI03Z,Community Contacts,,,,Home-based Intermediate Care Service,Contact,77.95,
CAI04Z,Community Contacts,,,,Community Bed-based Intermediate Care Service,Contact,77.38,
CAP00Z,Community Contacts,,,,Adult Public Health,Contact,64.96,
CAP01Z,Community Contacts,,,,Health Visiting,Contact,73.99,
CAP02Z,Community Contacts,,,,Public Health and Lifestyle,Contact,73.42,
CAP03Z,Community Contacts,,,,Treatment Room Nursing,Contact,44.54,
CAP04Z,Community Contacts,,,,School Nursing Service,Contact,59.33,
CAP05Z,Community Contacts,,,,Adults Weight Management Service,Contact,77.53,
CAO00Z,Community Contacts,,,,Adult Other Community Care,Contact,50.37,
CAO01Z,Community Contacts,,,,Urgent Care Services,Contact,104.24,
CAO02Z,Community Contacts,,,,Other District Nursing,Contact,46.98,
CAO03Z,Community Contacts,,,,Other Integrated MDT,Contact,64.97,
CAO99Z,Community Contacts,,,,Other Community Services,Contact,98.18,
CCS00Z,Community Contacts,,,,CYP Short Term Intervention,Contact,81.88,
CCS01Z,Community Contacts,,,,Community musculoskeletal (MSK) services,Contact,70.31,
CCS02Z,Community Contacts,,,,Podiatry,Contact,73.57,
CCS03Z,Community Contacts,,,,Audiology,Contact,131.59,
CCS04Z,Community Contacts,,,,Phlebotomy,Contact,37.67,
CCS05Z,Community Contacts,,,,Dentistry,Contact,78.13,Unit cost based on population group average
CCS06Z,Community Contacts,,,,Community rehabilitation,Contact,121.79,
CCS07Z,Community Contacts,,,,Dermatology,Contact,63.81,
CCS08Z,Community Contacts,,,,District Nursing relating to Short Term Interventions,Contact,70.83,Unit cost based on average for CYP district nursing
CCS09Z,Community Contacts,,,,Community Paediatrics Service relating to Short Term Interventions,Contact,136.96,Unit costs based on average for CYP community paediatrics
CCS10Z,Community Contacts,,,,Children's Community Nursing Service relating to Short Term Interventions,Contact,82.0,Unit costs based on average for CYP community nursing
CCS11Z,Community Contacts,,,,Integrated Multidisciplinary Team (jointly commissioned) relating to Short Term Interventions,Contact,115.6,Unit cost based on average for CYP MDT
CCS99Z,Community Contacts,,,,Other Short Term Interventions,Contact,96.96,
CCL00Z,Community Contacts,,,,CYP LTC,Contact,125.25,
CCL01Z,Community Contacts,,,,"Continence, bladder and bowel",Contact,96.74,
CCL02Z,Community Contacts,,,,Respiratory (inc Home Oxygen),Contact,72.94,
CCL03Z,Community Contacts,,,,Diabetes,Contact,77.65,
CCL04Z,Community Contacts,,,,Tissue viability and wound care,Contact,99.26,
CCL05Z,Community Contacts,,,,Cardiology,Contact,82.57,
CCL06Z,Community Contacts,,,,Neurological conditions,Contact,51.48,
CCL07Z,Community Contacts,,,,Occupational therapy,Contact,168.7,
CCL08Z,Community Contacts,,,,Nutrition and dietetics,Contact,94.66,
CCL09Z,Community Contacts,,,,Speech and language therapy,Contact,127.29,
CCL10Z,Community Contacts,,,,Physiotherapy,Contact,120.65,
CCL11Z,Community Contacts,,,,District Nursing relating to Short Term Interventions,Contact,70.83,Unit cost based on average for CYP district nursing
CCL12Z,Community Contacts,,,,Community Paediatrics Service relating to Short Term Interventions,Contact,136.96,Unit costs based on average for CYP community paediatrics
CCL13Z,Community Contacts,,,,Children's Community Nursing Service relating to Short Term Interventions,Contact,82.0,Unit costs based on average for CYP community nursing
CCL14Z,Community Contacts,,,,Integrated Multidisciplinary Team (jointly commissioned) relating to Short Term Interventions,Contact,115.6,Unit cost based on average for CYP MDT
CCL99Z,Community Contacts,,,,Other Long Term Conditions,Contact,404.53,
CCE00Z,Community Contacts,,,,CYP End of Life Care,Contact,235.21,
CCE06Z,Community Contacts,,,,End of Life Care Service,Contact,352.58,
CCE07Z,Community Contacts,,,,Specialist Palliative Care Service,Contact,218.19,
CCE08Z,Community Contacts,,,,District Nursing relating to End of Life Care,Contact,70.83,Unit cost based on average for CYP district nursing
CCE09Z,Community Contacts,,,,Community Paediatrics Service relating to End of Life Care,Contact,136.96,Unit costs based on average for CYP community paediatrics
CCE10Z,Community Contacts,,,,Children's Community Nursing Service relating to End of Life Care,Contact,82.0,Unit costs based on average for CYP community nursing
CCE11Z,Community Contacts,,,,Integrated Multidisciplinary Team (jointly commissioned) relating to End of Life Care,Contact,115.6,Unit cost based on average for CYP MDT
CCE99Z,Community Contacts,,,,Other End of Life Care,Contact,235.21,Unit cost based on population group average
CCQ00Z,Community Contacts,,,,CYP Equipment,Contact,104.39,
CCQ01Z,Community Contacts,,,,Appliances and Equipment,Contact,93.24,
CCQ02Z,Community Contacts,,,,Prosthetics,Contact,611.25,
CCQ03Z,Community Contacts,,,,Wheelchairs,Contact,270.95,
CCI00Z,Community Contacts,,,,CYP Intermediate Care,Contact,89.65,
CCI01Z,Community Contacts,,,,Crisis Response Intermediate Care Service,Contact,96.75,
CCI02Z,Community Contacts,,,,Reablement Intermediate Care Service,Contact,88.3,
CCI03Z,Community Contacts,,,,Home-based Intermediate Care Service,Contact,89.01,
CCI04Z,Community Contacts,,,,Community Bed-based Intermediate Care Service,Contact,77.38,Based on adult community bed based as nearest similar currency
CCP00Z,Community Contacts,,,,CYP Public Health,Contact,69.59,
CCP01Z,Community Contacts,,,,Health Visiting,Contact,80.63,
CCP02Z,Community Contacts,,,,Public Health and Lifestyle,Contact,18.79,
CCP03Z,Community Contacts,,,,Treatment Room Nursing,Contact,28.98,
CCP04Z,Community Contacts,,,,School Nursing Service,Contact,69.79,
CCP05Z,Community Contacts,,,,Childrens Weight Management Service,Contact,63.2,
CCO00Z,Community Contacts,,,,CYP Other Community Care,Contact,103.69,
CCO01Z,Community Contacts,,,,Urgent Care Services,Contact,124.21,
CCO02Z,Community Contacts,,,,Other District Nursing Service,Contact,70.83,
CCO03Z,Community Contacts,,,,Other Community Paediatrics Service,Contact,136.96,
CCO04Z,Community Contacts,,,,Other Children's Community Nursing Service,Contact,82.0,
CCO05Z,Community Contacts,,,,Other Integrated Multidisciplinary Team (jointly commissioned),Contact,115.6,
CCO99Z,Community Contacts,,,,Other Community Services,Contact,222.86,
