age_category,team_type_code,primary_referral_reason,currency_code
Adult,12,001,CAO02Z
Adult,45,001,CAO03Z
Adult,12,002,CAO02Z
Adult,45,002,CAO03Z
Adult,12,003,CAO02Z
Adult,45,003,CAO03Z
Adult,12,004,CAO02Z
Adult,45,004,CAO03Z
Adult,12,005,CAL09Z
Adult,45,005,CAL10Z
Adult,12,006,CAO02Z
Adult,45,006,CAO03Z
Adult,12,007,CAL09Z
Adult,45,007,CAL10Z
Adult,12,008,CAL09Z
Adult,45,008,CAL10Z
Adult,12,009,CAL09Z
Adult,45,009,CAL10Z
Adult,12,010,CAL09Z
Adult,45,010,CAL10Z
Adult,12,011,CAL09Z
Adult,45,011,CAL10Z
Adult,12,012,CAL09Z
Adult,45,012,CAL10Z
Adult,12,013,CAO02Z
Adult,45,013,CAO03Z
Adult,12,014,CAL09Z
Adult,45,014,CAL10Z
Adult,12,015,CAL09Z
Adult,45,015,CAL10Z
Adult,12,017,CAL09Z
Adult,45,017,CAL10Z
Adult,12,018,CAL09Z
Adult,45,018,CAL10Z
Adult,12,019,CAO02Z
Adult,45,019,CAO03Z
Adult,12,020,CAO02Z
Adult,45,020,CAO03Z
Adult,12,021,CAL09Z
Adult,45,021,CAL10Z
Adult,12,022,CAO02Z
Adult,45,022,CAO03Z
Adult,12,023,CAO02Z
Adult,45,023,CAO03Z
Adult,12,024,CAO02Z
Adult,45,024,CAO03Z
Adult,12,025,CAO02Z
Adult,45,025,CAO03Z
Adult,12,026,CAE08Z
Adult,45,026,CAE09Z
Adult,12,027,CAL09Z
Adult,45,027,CAL10Z
Adult,12,028,CAO02Z
Adult,45,028,CAO03Z
Adult,12,029,CAO02Z
Adult,45,029,CAO03Z
Adult,12,030,CAF05Z
Adult,45,030,CAF06Z
Adult,12,031,CAO02Z
Adult,45,031,CAO03Z
Adult,12,032,CAO02Z
Adult,45,032,CAO03Z
Adult,12,033,CAS07Z
Adult,45,033,CAS08Z
Adult,12,034,CAO02Z
Adult,45,034,CAO03Z
Adult,12,035,CAS07Z
Adult,45,035,CAS08Z
Adult,12,036,CAO02Z
Adult,45,036,CAO03Z
Adult,12,037,CAL09Z
Adult,45,037,CAL10Z
Adult,12,038,CAL09Z
Adult,45,038,CAL10Z
Adult,12,039,CAO02Z
Adult,45,039,CAO03Z
Adult,12,040,CAO02Z
Adult,45,040,CAO03Z
Adult,12,041,CAL09Z
Adult,45,041,CAL10Z
Adult,12,042,CAT05Z
Adult,45,042,CAT06Z
Adult,12,043,CAS07Z
Adult,45,043,CAS08Z
Adult,12,044,CAL09Z
Adult,45,044,CAL10Z
Adult,12,045,CAO02Z
Adult,45,045,CAO03Z
Adult,12,046,CAT05Z
Adult,45,046,CAT06Z
Adult,12,047,CAS07Z
Adult,45,047,CAS08Z
Adult,12,048,CAO02Z
Adult,45,048,CAO03Z
Adult,12,049,CAO02Z
Adult,45,049,CAO03Z
Adult,12,050,CAL09Z
Adult,45,050,CAL10Z
Adult,12,051,CAO02Z
Adult,45,051,CAO03Z
Adult,12,052,CAO02Z
Adult,45,052,CAO03Z
Adult,12,053,CAL09Z
Adult,45,053,CAL10Z
Adult,12,054,CAF05Z
Adult,45,054,CAF06Z
Adult,12,055,CAO02Z
Adult,45,055,CAO03Z
Adult,12,056,CAS07Z
Adult,45,056,CAS08Z
Adult,12,057,CAL09Z
Adult,45,057,CAL10Z
Adult,12,058,CAO02Z
Adult,45,058,CAO03Z
Adult,12,059,CAS07Z
Adult,45,059,CAS08Z
Adult,12,060,CAO02Z
Adult,45,060,CAO03Z
Adult,12,061,CAO02Z
Adult,45,061,CAO03Z
Adult,12,062,CAT05Z
Adult,45,062,CAT06Z
Adult,12,063,CAL09Z
Adult,45,063,CAL10Z
Adult,12,064,CAL09Z
Adult,45,064,CAL10Z
Adult,12,065,CAO02Z
Adult,45,065,CAO03Z
Adult,12,066,CAO02Z
Adult,45,066,CAO03Z
Adult,12,067,CAO02Z
Adult,45,067,CAO03Z
Adult,12,068,CAO02Z
Adult,45,068,CAO03Z
Adult,12,069,CAO02Z
Adult,45,069,CAO03Z
Adult,12,070,CAL09Z
Adult,45,070,CAL10Z
Adult,12,071,CAO02Z
Adult,45,071,CAO03Z
Adult,12,072,CAS07Z
Adult,45,072,CAS08Z
Adult,12,073,CAS07Z
Adult,45,073,CAS08Z
Adult,12,074,CAL09Z
Adult,45,074,CAL10Z
Adult,12,075,CAL09Z
Adult,45,075,CAL10Z
Adult,12,076,CAL09Z
Adult,45,076,CAL10Z
Adult,12,077,CAL09Z
Adult,45,077,CAL10Z
Adult,12,078,CAO02Z
Adult,45,078,CAO03Z
Adult,12,079,CAO02Z
Adult,45,079,CAO03Z
Adult,12,080,CAO02Z
Adult,45,080,CAO03Z
Adult,12,081,CAO02Z
Adult,45,081,CAO03Z
Adult,12,082,CAO02Z
Adult,45,082,CAO03Z
Adult,12,083,CAO02Z
Adult,45,083,CAO03Z
Adult,12,084,CAO02Z
Adult,45,084,CAO03Z
Adult,12,085,CAO02Z
Adult,45,085,CAO03Z
Adult,12,086,CAO02Z
Adult,45,086,CAO03Z
Adult,12,087,CAL09Z
Adult,45,087,CAL10Z
Adult,12,088,CAO02Z
Adult,45,088,CAO03Z
Adult,12,999,CAO02Z
Adult,45,999,CAO03Z
CYP,12,001,CCO02Z
CYP,45,001,CCO05Z
CYP,06,001,CCO03Z
CYP,38,001,CCO04Z
CYP,12,002,CCO02Z
CYP,45,002,CCO05Z
CYP,06,002,CCO03Z
CYP,38,002,CCO04Z
CYP,12,003,CCO02Z
CYP,45,003,CCO05Z
CYP,06,003,CCO03Z
CYP,38,003,CCO04Z
CYP,12,004,CCO02Z
CYP,45,004,CCO05Z
CYP,06,004,CCO03Z
CYP,38,004,CCO04Z
CYP,12,005,CCL11Z
CYP,45,005,CCL14Z
CYP,06,005,CCL12Z
CYP,38,005,CCL13Z
CYP,12,006,CCO02Z
CYP,45,006,CCO05Z
CYP,06,006,CCO03Z
CYP,38,006,CCO04Z
CYP,12,007,CCL11Z
CYP,45,007,CCL14Z
CYP,06,007,CCL12Z
CYP,38,007,CCL13Z
CYP,12,008,CCL11Z
CYP,45,008,CCL14Z
CYP,06,008,CCL12Z
CYP,38,008,CCL13Z
CYP,12,009,CCL11Z
CYP,45,009,CCL14Z
CYP,06,009,CCL12Z
CYP,38,009,CCL13Z
CYP,12,010,CCL11Z
CYP,45,010,CCL14Z
CYP,06,010,CCL12Z
CYP,38,010,CCL13Z
CYP,12,011,CCL11Z
CYP,45,011,CCL14Z
CYP,06,011,CCL12Z
CYP,38,011,CCL13Z
CYP,12,012,CCL11Z
CYP,45,012,CCL14Z
CYP,06,012,CCL12Z
CYP,38,012,CCL13Z
CYP,12,013,CCO02Z
CYP,45,013,CCO05Z
CYP,06,013,CCO03Z
CYP,38,013,CCO04Z
CYP,12,014,CCL11Z
CYP,45,014,CCL14Z
CYP,06,014,CCL12Z
CYP,38,014,CCL13Z
CYP,12,015,CCL11Z
CYP,45,015,CCL14Z
CYP,06,015,CCL12Z
CYP,38,015,CCL13Z
CYP,12,017,CCL11Z
CYP,45,017,CCL14Z
CYP,06,017,CCL12Z
CYP,38,017,CCL13Z
CYP,12,018,CCL11Z
CYP,45,018,CCL14Z
CYP,06,018,CCL12Z
CYP,38,018,CCL13Z
CYP,12,019,CCO02Z
CYP,45,019,CCO05Z
CYP,06,019,CCO03Z
CYP,38,019,CCO04Z
CYP,12,020,CCO02Z
CYP,45,020,CCO05Z
CYP,06,020,CCO03Z
CYP,38,020,CCO04Z
CYP,12,021,CCL11Z
CYP,45,021,CCL14Z
CYP,06,021,CCL12Z
CYP,38,021,CCL13Z
CYP,12,022,CCO02Z
CYP,45,022,CCO05Z
CYP,06,022,CCO03Z
CYP,38,022,CCO04Z
CYP,12,023,CCO02Z
CYP,45,023,CCO05Z
CYP,06,023,CCO03Z
CYP,38,023,CCO04Z
CYP,12,024,CCO02Z
CYP,45,024,CCO05Z
CYP,06,024,CCO03Z
CYP,38,024,CCO04Z
CYP,12,025,CCO02Z
CYP,45,025,CCO05Z
CYP,06,025,CCO03Z
CYP,38,025,CCO04Z
CYP,12,026,CCE08Z
CYP,45,026,CCE11Z
CYP,06,026,CCE09Z
CYP,38,026,CCE10Z
CYP,12,027,CCL11Z
CYP,45,027,CCL14Z
CYP,06,027,CCL12Z
CYP,38,027,CCL13Z
CYP,12,028,CCO02Z
CYP,45,028,CCO05Z
CYP,06,028,CCO03Z
CYP,38,028,CCO04Z
CYP,12,029,CCO02Z
CYP,45,029,CCO05Z
CYP,06,029,CCO03Z
CYP,38,029,CCO04Z
CYP,12,030,CCO02Z
CYP,45,030,CCO05Z
CYP,06,030,CCO03Z
CYP,38,030,CCO04Z
CYP,12,031,CCO02Z
CYP,45,031,CCO05Z
CYP,06,031,CCO03Z
CYP,38,031,CCO04Z
CYP,12,032,CCO02Z
CYP,45,032,CCO05Z
CYP,06,032,CCO03Z
CYP,38,032,CCO04Z
CYP,12,033,CCS08Z
CYP,45,033,CCS11Z
CYP,06,033,CCS09Z
CYP,38,033,CCS10Z
CYP,12,034,CCO02Z
CYP,45,034,CCO05Z
CYP,06,034,CCO03Z
CYP,38,034,CCO04Z
CYP,12,035,CCS08Z
CYP,45,035,CCS11Z
CYP,06,035,CCS09Z
CYP,38,035,CCS10Z
CYP,12,036,CCO02Z
CYP,45,036,CCO05Z
CYP,06,036,CCO03Z
CYP,38,036,CCO04Z
CYP,12,037,CCL11Z
CYP,45,037,CCL14Z
CYP,06,037,CCL12Z
CYP,38,037,CCL13Z
CYP,12,038,CCL11Z
CYP,45,038,CCL14Z
CYP,06,038,CCL12Z
CYP,38,038,CCL13Z
CYP,12,039,CCO02Z
CYP,45,039,CCO05Z
CYP,06,039,CCO03Z
CYP,38,039,CCO04Z
CYP,12,040,CCO02Z
CYP,45,040,CCO05Z
CYP,06,040,CCO03Z
CYP,38,040,CCO04Z
CYP,12,041,CCL11Z
CYP,45,041,CCL14Z
CYP,06,041,CCL12Z
CYP,38,041,CCL13Z
CYP,12,042,CCL11Z
CYP,45,042,CCL14Z
CYP,06,042,CCL12Z
CYP,38,042,CCL13Z
CYP,12,043,CCS08Z
CYP,45,043,CCS11Z
CYP,06,043,CCS09Z
CYP,38,043,CCS10Z
CYP,12,044,CCL11Z
CYP,45,044,CCL14Z
CYP,06,044,CCL12Z
CYP,38,044,CCL13Z
CYP,12,045,CCO02Z
CYP,45,045,CCO05Z
CYP,06,045,CCO03Z
CYP,38,045,CCO04Z
CYP,12,046,CCL11Z
CYP,45,046,CCL14Z
CYP,06,046,CCL12Z
CYP,38,046,CCL13Z
CYP,12,047,CCS08Z
CYP,45,047,CCS11Z
CYP,06,047,CCS09Z
CYP,38,047,CCS10Z
CYP,12,048,CCO02Z
CYP,45,048,CCO05Z
CYP,06,048,CCO03Z
CYP,38,048,CCO04Z
CYP,12,049,CCO02Z
CYP,45,049,CCO05Z
CYP,06,049,CCO03Z
CYP,38,049,CCO04Z
CYP,12,050,CCL11Z
CYP,45,050,CCL14Z
CYP,06,050,CCL12Z
CYP,38,050,CCL13Z
CYP,12,051,CCO02Z
CYP,45,051,CCO05Z
CYP,06,051,CCO03Z
CYP,38,051,CCO04Z
CYP,12,052,CCO02Z
CYP,45,052,CCO05Z
CYP,06,052,CCO03Z
CYP,38,052,CCO04Z
CYP,12,053,CCL11Z
CYP,45,053,CCL14Z
CYP,06,053,CCL12Z
CYP,38,053,CCL13Z
CYP,12,054,CCL11Z
CYP,45,054,CCL14Z
CYP,06,054,CCL12Z
CYP,38,054,CCL13Z
CYP,12,055,CCO02Z
CYP,45,055,CCO05Z
CYP,06,055,CCO03Z
CYP,38,055,CCO04Z
CYP,12,056,CCS08Z
CYP,45,056,CCS11Z
CYP,06,056,CCS09Z
CYP,38,056,CCS10Z
CYP,12,057,CCL11Z
CYP,45,057,CCL14Z
CYP,06,057,CCL12Z
CYP,38,057,CCL13Z
CYP,12,058,CCO02Z
CYP,45,058,CCO05Z
CYP,06,058,CCO03Z
CYP,38,058,CCO04Z
CYP,12,059,CCS08Z
CYP,45,059,CCS11Z
CYP,06,059,CCS09Z
CYP,38,059,CCS10Z
CYP,12,060,CCO02Z
CYP,45,060,CCO05Z
CYP,06,060,CCO03Z
CYP,38,060,CCO04Z
CYP,12,061,CCO02Z
CYP,45,061,CCO05Z
CYP,06,061,CCO03Z
CYP,38,061,CCO04Z
CYP,12,062,CCL11Z
CYP,45,062,CCL14Z
CYP,06,062,CCL12Z
CYP,38,062,CCL13Z
CYP,12,063,CCL11Z
CYP,45,063,CCL14Z
CYP,06,063,CCL12Z
CYP,38,063,CCL13Z
CYP,12,064,CCL11Z
CYP,45,064,CCL14Z
CYP,06,064,CCL12Z
CYP,38,064,CCL13Z
CYP,12,065,CCO02Z
CYP,45,065,CCO05Z
CYP,06,065,CCO03Z
CYP,38,065,CCO04Z
CYP,12,066,CCO02Z
CYP,45,066,CCO05Z
CYP,06,066,CCO03Z
CYP,38,066,CCO04Z
CYP,12,067,CCO02Z
CYP,45,067,CCO05Z
CYP,06,067,CCO03Z
CYP,38,067,CCO04Z
CYP,12,068,CCO02Z
CYP,45,068,CCO05Z
CYP,06,068,CCO03Z
CYP,38,068,CCO04Z
CYP,12,069,CCO02Z
CYP,45,069,CCO05Z
CYP,06,069,CCO03Z
CYP,38,069,CCO04Z
CYP,12,070,CCL11Z
CYP,45,070,CCL14Z
CYP,06,070,CCL12Z
CYP,38,070,CCL13Z
CYP,12,071,CCO02Z
CYP,45,071,CCO05Z
CYP,06,071,CCO03Z
CYP,38,071,CCO04Z
CYP,12,072,CCS08Z
CYP,45,072,CCS11Z
CYP,06,072,CCS09Z
CYP,38,072,CCS10Z
CYP,12,073,CCS08Z
CYP,45,073,CCS11Z
CYP,06,073,CCS09Z
CYP,38,073,CCS10Z
CYP,12,074,CCL11Z
CYP,45,074,CCL14Z
CYP,06,074,CCL12Z
CYP,38,074,CCL13Z
CYP,12,075,CCL11Z
CYP,45,075,CCL14Z
CYP,06,075,CCL12Z
CYP,38,075,CCL13Z
CYP,12,076,CCL11Z
CYP,45,076,CCL14Z
CYP,06,076,CCL12Z
CYP,38,076,CCL13Z
CYP,12,077,CCL11Z
CYP,45,077,CCL14Z
CYP,06,077,CCL12Z
CYP,38,077,CCL13Z
CYP,12,078,CCO02Z
CYP,45,078,CCO05Z
CYP,06,078,CCO03Z
CYP,38,078,CCO04Z
CYP,12,079,CCO02Z
CYP,45,079,CCO05Z
CYP,06,079,CCO03Z
CYP,38,079,CCO04Z
CYP,12,080,CCO02Z
CYP,45,080,CCO05Z
CYP,06,080,CCO03Z
CYP,38,080,CCO04Z
CYP,12,081,CCO02Z
CYP,45,081,CCO05Z
CYP,06,081,CCO03Z
CYP,38,081,CCO04Z
CYP,12,082,CCO02Z
CYP,45,082,CCO05Z
CYP,06,082,CCO03Z
CYP,38,082,CCO04Z
CYP,12,083,CCO02Z
CYP,45,083,CCO05Z
CYP,06,083,CCO03Z
CYP,38,083,CCO04Z
CYP,12,084,CCO02Z
CYP,45,084,CCO05Z
CYP,06,084,CCO03Z
CYP,38,084,CCO04Z
CYP,12,085,CCO02Z
CYP,45,085,CCO05Z
CYP,06,085,CCO03Z
CYP,38,085,CCO04Z
CYP,12,086,CCO02Z
CYP,45,086,CCO05Z
CYP,06,086,CCO03Z
CYP,38,086,CCO04Z
CYP,12,087,CCL11Z
CYP,45,087,CCL14Z
CYP,06,087,CCL12Z
CYP,38,087,CCL13Z
CYP,12,088,CCO02Z
CYP,45,088,CCO05Z
CYP,06,088,CCO03Z
CYP,38,088,CCO04Z
CYP,12,999,CCO02Z
CYP,45,999,CCO05Z
CYP,06,999,CCO03Z
CYP,38,999,CCO04Z
