ccg,provider,z_financial_year
07P,NT4,1314
07P,NT4,1415
07P,NT4,1516
07P,NT4,1617
07P,NT4,1718
07P,NV1,1314
07P,NV1,1415
07P,NV1,1516
07P,NV1,1617
07P,NV1,1718
07P,R1K,1516
07P,R1K,1617
07P,R1K,1718
07P,RAL,1314
07P,RAL,1415
07P,RAL,1516
07P,RAL,1617
07P,RAL,1718
07P,RAN,1314
07P,RAN,1415
07P,RAN,1516
07P,RAN,1617
07P,RAN,1718
07P,RAP,1314
07P,RAP,1415
07P,RAP,1516
07P,RAP,1617
07P,RAP,1718
07P,RAS,1314
07P,RAS,1415
07P,RAS,1516
07P,RAS,1617
07P,RAS,1718
07P,RAX,1314
07P,RAX,1415
07P,RAX,1516
07P,RAX,1617
07P,RAX,1718
07P,RC3,1314
07P,RC3,1415
07P,RFW,1314
07P,RFW,1415
07P,RFW,1516
07P,RFW,1617
07P,RJ1,1314
07P,RJ1,1415
07P,RJ1,1516
07P,RJ1,1617
07P,RJ1,1718
07P,RJ7,1314
07P,RJ7,1415
07P,RJ7,1516
07P,RJ7,1617
07P,RJ7,1718
07P,RJZ,1314
07P,RJZ,1415
07P,RJZ,1516
07P,RJZ,1617
07P,RJZ,1718
07P,RKE,1314
07P,RKE,1415
07P,RKE,1516
07P,RKE,1617
07P,RKE,1718
07P,RNJ,1314
07P,RNJ,1415
07P,RNJ,1516
07P,RNJ,1617
07P,RP4,1314
07P,RP4,1415
07P,RP4,1516
07P,RP4,1617
07P,RP4,1718
07P,RP6,1314
07P,RP6,1415
07P,RP6,1516
07P,RP6,1617
07P,RP6,1718
07P,RPY,1314
07P,RPY,1415
07P,RPY,1516
07P,RPY,1617
07P,RPY,1718
07P,RQM,1314
07P,RQM,1415
07P,RQM,1516
07P,RQM,1617
07P,RQM,1718
07P,RQX,1314
07P,RQX,1415
07P,RQX,1516
07P,RQX,1617
07P,RQX,1718
07P,RRV,1314
07P,RRV,1415
07P,RRV,1516
07P,RRV,1617
07P,RRV,1718
07P,RT3,1314
07P,RT3,1415
07P,RT3,1516
07P,RT3,1617
07P,RT3,1718
07P,RV8,1314
07P,RV8,1415
07P,RVL,1314
07P,RVL,1415
07P,RVL,1516
07P,RWG,1314
07P,RWG,1415
07P,RWG,1516
07P,RWG,1617
07P,RWG,1718
07P,RWH,1314
07P,RWH,1415
07P,RWH,1516
07P,RWH,1617
07P,RWH,1718
07P,RYJ,1314
07P,RYJ,1415
07P,RYJ,1516
07P,RYJ,1617
07P,RYJ,1718
07W,NT4,1314
07W,NT4,1415
07W,NT4,1516
07W,NT4,1617
07W,NT4,1718
07W,NV1,1314
07W,NV1,1415
07W,NV1,1516
07W,NV1,1617
07W,NV1,1718
07W,QMH,1415
07W,R1K,1516
07W,R1K,1617
07W,R1K,1718
07W,RAL,1314
07W,RAL,1415
07W,RAL,1516
07W,RAL,1617
07W,RAL,1718
07W,RAN,1314
07W,RAN,1415
07W,RAN,1516
07W,RAN,1617
07W,RAN,1718
07W,RAS,1314
07W,RAS,1415
07W,RAS,1516
07W,RAS,1617
07W,RAS,1718
07W,RAX,1314
07W,RAX,1415
07W,RAX,1516
07W,RAX,1617
07W,RAX,1718
07W,RC3,1314
07W,RC3,1415
07W,RD7,1314
07W,RD7,1415
07W,RD7,1516
07W,RD7,1617
07W,RD7,1718
07W,RFW,1314
07W,RFW,1415
07W,RFW,1516
07W,RFW,1617
07W,RJ1,1314
07W,RJ1,1415
07W,RJ1,1516
07W,RJ1,1617
07W,RJ1,1718
07W,RJ7,1314
07W,RJ7,1415
07W,RJ7,1516
07W,RJ7,1617
07W,RJ7,1718
07W,RJZ,1314
07W,RJZ,1415
07W,RJZ,1516
07W,RJZ,1617
07W,RJZ,1718
07W,RKE,1314
07W,RKE,1415
07W,RKE,1516
07W,RKE,1617
07W,RKE,1718
07W,RNJ,1314
07W,RNJ,1415
07W,RNJ,1516
07W,RNJ,1617
07W,RP4,1314
07W,RP4,1415
07W,RP4,1516
07W,RP4,1617
07W,RP4,1718
07W,RP6,1314
07W,RP6,1415
07W,RP6,1516
07W,RP6,1617
07W,RP6,1718
07W,RPY,1314
07W,RPY,1415
07W,RPY,1516
07W,RPY,1617
07W,RPY,1718
07W,RQM,1314
07W,RQM,1415
07W,RQM,1516
07W,RQM,1617
07W,RQM,1718
07W,RQX,1314
07W,RQX,1415
07W,RQX,1516
07W,RQX,1617
07W,RQX,1718
07W,RRV,1314
07W,RRV,1415
07W,RRV,1516
07W,RRV,1617
07W,RRV,1718
07W,RT3,1314
07W,RT3,1415
07W,RT3,1516
07W,RT3,1617
07W,RT3,1718
07W,RTK,1314
07W,RTK,1415
07W,RTK,1516
07W,RTK,1617
07W,RTK,1718
07W,RV8,1314
07W,RV8,1415
07W,RVL,1415
07W,RVL,1516
07W,RWH,1314
07W,RWH,1415
07W,RWH,1516
07W,RWH,1617
07W,RWH,1718
07W,RYJ,1314
07W,RYJ,1415
07W,RYJ,1516
07W,RYJ,1617
07W,RYJ,1718
07Y,NT4,1314
07Y,NT4,1415
07Y,NT4,1516
07Y,NT4,1617
07Y,NT4,1718
07Y,NT9,1617
07Y,NV1,1314
07Y,NV1,1415
07Y,NV1,1718
07Y,QMH,1415
07Y,R1K,1516
07Y,R1K,1617
07Y,R1K,1718
07Y,RA2,1314
07Y,RA2,1415
07Y,RA2,1516
07Y,RA2,1617
07Y,RA2,1718
07Y,RAL,1314
07Y,RAL,1415
07Y,RAL,1516
07Y,RAL,1617
07Y,RAL,1718
07Y,RAN,1314
07Y,RAN,1415
07Y,RAN,1516
07Y,RAN,1617
07Y,RAN,1718
07Y,RAS,1314
07Y,RAS,1415
07Y,RAS,1516
07Y,RAS,1617
07Y,RAS,1718
07Y,RAX,1314
07Y,RAX,1415
07Y,RAX,1516
07Y,RAX,1617
07Y,RAX,1718
07Y,RC3,1314
07Y,RC3,1415
07Y,RD7,1314
07Y,RD7,1415
07Y,RD7,1516
07Y,RD7,1617
07Y,RD7,1718
07Y,RFW,1314
07Y,RFW,1415
07Y,RFW,1516
07Y,RFW,1617
07Y,RJ1,1314
07Y,RJ1,1415
07Y,RJ1,1516
07Y,RJ1,1617
07Y,RJ1,1718
07Y,RJ7,1314
07Y,RJ7,1415
07Y,RJ7,1516
07Y,RJ7,1617
07Y,RJ7,1718
07Y,RJZ,1314
07Y,RJZ,1415
07Y,RJZ,1516
07Y,RJZ,1617
07Y,RJZ,1718
07Y,RKE,1314
07Y,RKE,1415
07Y,RKE,1516
07Y,RKE,1617
07Y,RKE,1718
07Y,RNJ,1314
07Y,RNJ,1415
07Y,RNJ,1516
07Y,RNJ,1617
07Y,RP4,1314
07Y,RP4,1415
07Y,RP4,1516
07Y,RP4,1617
07Y,RP4,1718
07Y,RP6,1314
07Y,RP6,1415
07Y,RP6,1516
07Y,RP6,1617
07Y,RP6,1718
07Y,RPY,1314
07Y,RPY,1415
07Y,RPY,1516
07Y,RPY,1617
07Y,RPY,1718
07Y,RQM,1314
07Y,RQM,1415
07Y,RQM,1516
07Y,RQM,1617
07Y,RQM,1718
07Y,RQX,1314
07Y,RRV,1314
07Y,RRV,1415
07Y,RRV,1516
07Y,RRV,1617
07Y,RRV,1718
07Y,RT3,1314
07Y,RT3,1415
07Y,RT3,1516
07Y,RT3,1617
07Y,RT3,1718
07Y,RTK,1314
07Y,RTK,1415
07Y,RTK,1516
07Y,RTK,1617
07Y,RTK,1718
07Y,RV8,1314
07Y,RV8,1415
07Y,RVL,1415
07Y,RVL,1516
07Y,RVR,1314
07Y,RVR,1415
07Y,RVR,1516
07Y,RVR,1617
07Y,RVR,1718
07Y,RWH,1314
07Y,RWH,1415
07Y,RWH,1516
07Y,RWH,1617
07Y,RYJ,1314
07Y,RYJ,1415
07Y,RYJ,1516
07Y,RYJ,1617
07Y,RYJ,1718
08C,NT4,1314
08C,NT4,1415
08C,NT4,1516
08C,NT4,1617
08C,NT4,1718
08C,NV1,1314
08C,NV1,1415
08C,NV1,1516
08C,NV1,1617
08C,NV1,1718
08C,QMH,1415
08C,R1K,1516
08C,R1K,1617
08C,R1K,1718
08C,RAL,1314
08C,RAL,1415
08C,RAL,1516
08C,RAL,1617
08C,RAL,1718
08C,RAN,1314
08C,RAN,1415
08C,RAN,1516
08C,RAN,1617
08C,RAN,1718
08C,RAS,1314
08C,RAS,1415
08C,RAS,1516
08C,RAS,1617
08C,RAS,1718
08C,RAX,1314
08C,RAX,1415
08C,RAX,1516
08C,RAX,1617
08C,RAX,1718
08C,RC3,1314
08C,RC3,1415
08C,RFW,1314
08C,RFW,1415
08C,RFW,1516
08C,RFW,1617
08C,RFW,1718
08C,RJ1,1314
08C,RJ1,1415
08C,RJ1,1516
08C,RJ1,1617
08C,RJ1,1718
08C,RJ7,1314
08C,RJ7,1415
08C,RJ7,1516
08C,RJ7,1617
08C,RJ7,1718
08C,RJZ,1314
08C,RJZ,1415
08C,RJZ,1516
08C,RJZ,1617
08C,RJZ,1718
08C,RKE,1314
08C,RKE,1415
08C,RKE,1516
08C,RKE,1617
08C,RKE,1718
08C,RNJ,1314
08C,RNJ,1415
08C,RNJ,1516
08C,RNJ,1617
08C,RNJ,1718
08C,RP4,1314
08C,RP4,1415
08C,RP4,1516
08C,RP4,1617
08C,RP4,1718
08C,RP6,1314
08C,RP6,1415
08C,RP6,1516
08C,RP6,1617
08C,RP6,1718
08C,RPY,1314
08C,RPY,1415
08C,RPY,1516
08C,RPY,1617
08C,RPY,1718
08C,RQM,1314
08C,RQM,1415
08C,RQM,1516
08C,RQM,1617
08C,RQM,1718
08C,RQX,1314
08C,RQX,1415
08C,RQX,1516
08C,RQX,1617
08C,RQX,1718
08C,RRV,1314
08C,RRV,1415
08C,RRV,1516
08C,RRV,1617
08C,RRV,1718
08C,RT3,1314
08C,RT3,1415
08C,RT3,1516
08C,RT3,1617
08C,RT3,1718
08C,RV8,1314
08C,RV8,1415
08C,RVL,1415
08C,RVL,1516
08C,RVR,1314
08C,RVR,1415
08C,RVR,1516
08C,RVR,1617
08C,RVR,1718
08C,RWH,1314
08C,RYJ,1314
08C,RYJ,1415
08C,RYJ,1516
08C,RYJ,1617
08C,RYJ,1718
08E,NT4,1314
08E,NT4,1415
08E,NT4,1516
08E,NT4,1617
08E,NT4,1718
08E,NT9,1617
08E,NV1,1314
08E,NV1,1415
08E,NV1,1718
08E,R1K,1516
08E,R1K,1617
08E,R1K,1718
08E,RAL,1314
08E,RAL,1415
08E,RAL,1516
08E,RAL,1617
08E,RAL,1718
08E,RAN,1314
08E,RAN,1415
08E,RAN,1516
08E,RAN,1617
08E,RAN,1718
08E,RAS,1314
08E,RAS,1415
08E,RAS,1516
08E,RAS,1617
08E,RAS,1718
08E,RAX,1314
08E,RAX,1415
08E,RAX,1516
08E,RAX,1617
08E,RAX,1718
08E,RC3,1314
08E,RC3,1415
08E,RFW,1314
08E,RFW,1415
08E,RFW,1516
08E,RFW,1617
08E,RJ1,1314
08E,RJ1,1415
08E,RJ1,1516
08E,RJ1,1617
08E,RJ1,1718
08E,RJ7,1516
08E,RJ7,1617
08E,RJ7,1718
08E,RJZ,1314
08E,RJZ,1415
08E,RJZ,1516
08E,RJZ,1617
08E,RJZ,1718
08E,RKE,1314
08E,RKE,1415
08E,RKE,1516
08E,RKE,1617
08E,RKE,1718
08E,RNJ,1314
08E,RNJ,1415
08E,RNJ,1516
08E,RNJ,1617
08E,RP4,1314
08E,RP4,1415
08E,RP4,1516
08E,RP4,1617
08E,RP4,1718
08E,RP6,1314
08E,RP6,1415
08E,RP6,1516
08E,RP6,1617
08E,RP6,1718
08E,RPY,1314
08E,RPY,1415
08E,RPY,1516
08E,RPY,1617
08E,RPY,1718
08E,RQM,1314
08E,RQM,1415
08E,RQM,1516
08E,RQM,1617
08E,RQM,1718
08E,RQX,1314
08E,RRV,1314
08E,RRV,1415
08E,RRV,1516
08E,RRV,1617
08E,RRV,1718
08E,RT3,1314
08E,RT3,1415
08E,RT3,1516
08E,RT3,1617
08E,RT3,1718
08E,RV8,1314
08E,RV8,1415
08E,RVL,1314
08E,RVL,1415
08E,RVL,1516
08E,RWG,1314
08E,RWG,1415
08E,RWG,1516
08E,RWG,1617
08E,RWG,1718
08E,RWH,1314
08E,RWH,1415
08E,RWH,1516
08E,RWH,1617
08E,RWH,1718
08E,RYJ,1314
08E,RYJ,1415
08E,RYJ,1516
08E,RYJ,1617
08E,RYJ,1718
08G,NT4,1314
08G,NT4,1415
08G,NT4,1516
08G,NT4,1617
08G,NT4,1718
08G,NV1,1314
08G,NV1,1415
08G,NV1,1516
08G,NV1,1617
08G,NV1,1718
08G,NYN,1617
08G,R1K,1516
08G,R1K,1617
08G,R1K,1718
08G,RAL,1314
08G,RAL,1415
08G,RAL,1516
08G,RAL,1617
08G,RAL,1718
08G,RAN,1314
08G,RAN,1415
08G,RAN,1516
08G,RAN,1617
08G,RAN,1718
08G,RAS,1314
08G,RAS,1415
08G,RAS,1516
08G,RAS,1617
08G,RAS,1718
08G,RAX,1314
08G,RAX,1415
08G,RAX,1516
08G,RAX,1617
08G,RAX,1718
08G,RC3,1314
08G,RC3,1415
08G,RD7,1314
08G,RD7,1415
08G,RD7,1516
08G,RD7,1617
08G,RD7,1718
08G,RFW,1314
08G,RFW,1415
08G,RFW,1516
08G,RFW,1617
08G,RJ1,1314
08G,RJ1,1415
08G,RJ1,1516
08G,RJ1,1617
08G,RJ1,1718
08G,RJ7,1314
08G,RJ7,1415
08G,RJ7,1516
08G,RJ7,1617
08G,RJ7,1718
08G,RJZ,1314
08G,RJZ,1415
08G,RJZ,1516
08G,RJZ,1617
08G,RJZ,1718
08G,RKE,1314
08G,RKE,1415
08G,RKE,1516
08G,RKE,1617
08G,RKE,1718
08G,RNJ,1314
08G,RNJ,1415
08G,RNJ,1516
08G,RNJ,1617
08G,RP4,1314
08G,RP4,1415
08G,RP4,1516
08G,RP4,1617
08G,RP4,1718
08G,RP6,1314
08G,RP6,1415
08G,RP6,1516
08G,RP6,1617
08G,RP6,1718
08G,RPY,1314
08G,RPY,1415
08G,RPY,1516
08G,RPY,1617
08G,RPY,1718
08G,RQM,1314
08G,RQM,1415
08G,RQM,1516
08G,RQM,1617
08G,RQM,1718
08G,RQX,1314
08G,RRV,1314
08G,RRV,1415
08G,RRV,1516
08G,RRV,1617
08G,RRV,1718
08G,RT3,1314
08G,RT3,1415
08G,RT3,1516
08G,RT3,1617
08G,RT3,1718
08G,RTK,1314
08G,RTK,1415
08G,RTK,1516
08G,RTK,1617
08G,RTK,1718
08G,RV8,1314
08G,RV8,1415
08G,RVL,1415
08G,RVL,1516
08G,RWG,1314
08G,RWG,1415
08G,RWG,1516
08G,RWG,1617
08G,RWG,1718
08G,RWH,1314
08G,RWH,1415
08G,RWH,1516
08G,RWH,1617
08G,RWH,1718
08G,RXQ,1617
08G,RXQ,1718
08G,RYJ,1314
08G,RYJ,1415
08G,RYJ,1516
08G,RYJ,1617
08G,RYJ,1718
08Y,NT4,1314
08Y,NT4,1415
08Y,NT4,1516
08Y,NT4,1617
08Y,NT4,1718
08Y,NV1,1314
08Y,NV1,1415
08Y,NV1,1516
08Y,NV1,1617
08Y,NV1,1718
08Y,QMH,1415
08Y,R1K,1516
08Y,R1K,1617
08Y,R1K,1718
08Y,RAL,1314
08Y,RAL,1415
08Y,RAL,1516
08Y,RAL,1617
08Y,RAL,1718
08Y,RAN,1314
08Y,RAN,1415
08Y,RAN,1516
08Y,RAN,1617
08Y,RAN,1718
08Y,RAS,1314
08Y,RAS,1415
08Y,RAS,1516
08Y,RAS,1617
08Y,RAS,1718
08Y,RAX,1314
08Y,RAX,1415
08Y,RAX,1516
08Y,RAX,1617
08Y,RAX,1718
08Y,RC3,1314
08Y,RC3,1415
08Y,RFW,1314
08Y,RFW,1415
08Y,RFW,1516
08Y,RFW,1617
08Y,RJ1,1314
08Y,RJ1,1415
08Y,RJ1,1516
08Y,RJ1,1617
08Y,RJ1,1718
08Y,RJ7,1314
08Y,RJ7,1415
08Y,RJ7,1516
08Y,RJ7,1617
08Y,RJ7,1718
08Y,RJZ,1314
08Y,RJZ,1415
08Y,RJZ,1516
08Y,RJZ,1617
08Y,RJZ,1718
08Y,RKE,1314
08Y,RKE,1415
08Y,RKE,1516
08Y,RKE,1617
08Y,RKE,1718
08Y,RNJ,1314
08Y,RNJ,1415
08Y,RNJ,1516
08Y,RNJ,1617
08Y,RP4,1314
08Y,RP4,1415
08Y,RP4,1516
08Y,RP4,1617
08Y,RP4,1718
08Y,RP6,1314
08Y,RP6,1415
08Y,RP6,1516
08Y,RP6,1617
08Y,RP6,1718
08Y,RPY,1314
08Y,RPY,1415
08Y,RPY,1516
08Y,RPY,1617
08Y,RPY,1718
08Y,RQM,1314
08Y,RQM,1415
08Y,RQM,1516
08Y,RQM,1617
08Y,RQM,1718
08Y,RQX,1314
08Y,RQX,1415
08Y,RQX,1516
08Y,RQX,1617
08Y,RQX,1718
08Y,RRV,1314
08Y,RRV,1415
08Y,RRV,1516
08Y,RRV,1617
08Y,RRV,1718
08Y,RT3,1314
08Y,RT3,1415
08Y,RT3,1516
08Y,RT3,1617
08Y,RT3,1718
08Y,RV8,1314
08Y,RV8,1415
08Y,RVL,1415
08Y,RVL,1516
08Y,RWH,1415
08Y,RYJ,1314
08Y,RYJ,1415
08Y,RYJ,1516
08Y,RYJ,1617
08Y,RYJ,1718
09A,NT4,1314
09A,NT4,1415
09A,NT4,1516
09A,NT4,1617
09A,NT4,1718
09A,NV1,1314
09A,NV1,1415
09A,NV1,1516
09A,NV1,1617
09A,NV1,1718
09A,QMH,1415
09A,R1K,1516
09A,R1K,1617
09A,R1K,1718
09A,RAL,1314
09A,RAL,1415
09A,RAL,1516
09A,RAL,1617
09A,RAL,1718
09A,RAN,1314
09A,RAN,1415
09A,RAN,1516
09A,RAN,1617
09A,RAN,1718
09A,RAS,1314
09A,RAS,1415
09A,RAS,1516
09A,RAS,1617
09A,RAS,1718
09A,RAX,1314
09A,RAX,1415
09A,RAX,1516
09A,RAX,1617
09A,RAX,1718
09A,RC3,1314
09A,RC3,1415
09A,RFW,1314
09A,RFW,1415
09A,RFW,1516
09A,RFW,1617
09A,RJ1,1314
09A,RJ1,1415
09A,RJ1,1516
09A,RJ1,1617
09A,RJ1,1718
09A,RJ7,1314
09A,RJ7,1415
09A,RJ7,1516
09A,RJ7,1617
09A,RJ7,1718
09A,RJZ,1314
09A,RJZ,1415
09A,RJZ,1516
09A,RJZ,1617
09A,RJZ,1718
09A,RKE,1314
09A,RKE,1415
09A,RKE,1516
09A,RKE,1617
09A,RKE,1718
09A,RNJ,1314
09A,RNJ,1415
09A,RNJ,1516
09A,RNJ,1617
09A,RP4,1314
09A,RP4,1415
09A,RP4,1516
09A,RP4,1617
09A,RP4,1718
09A,RP6,1314
09A,RP6,1415
09A,RP6,1516
09A,RP6,1617
09A,RP6,1718
09A,RPY,1314
09A,RPY,1415
09A,RPY,1516
09A,RPY,1617
09A,RPY,1718
09A,RQM,1314
09A,RQM,1415
09A,RQM,1516
09A,RQM,1617
09A,RQM,1718
09A,RQX,1314
09A,RQX,1415
09A,RQX,1516
09A,RQX,1617
09A,RQX,1718
09A,RRV,1314
09A,RRV,1415
09A,RRV,1516
09A,RRV,1617
09A,RRV,1718
09A,RT3,1314
09A,RT3,1415
09A,RT3,1516
09A,RT3,1617
09A,RT3,1718
09A,RV8,1314
09A,RV8,1415
09A,RVL,1415
09A,RVL,1516
09A,RWH,1314
09A,RWH,1415
09A,RWH,1516
09A,RWH,1617
09A,RYJ,1314
09A,RYJ,1415
09A,RYJ,1516
09A,RYJ,1617
09A,RYJ,1718
5AT,NT4,1314
5AT,NT4,1415
5AT,NT4,1516
5AT,NT4,1617
5AT,NV1,1314
5AT,NV1,1415
5AT,NV1,1516
5AT,NV1,1617
5AT,R1K,1516
5AT,R1K,1617
5AT,RAL,1314
5AT,RAL,1415
5AT,RAL,1516
5AT,RAL,1617
5AT,RAN,1314
5AT,RAN,1415
5AT,RAN,1516
5AT,RAN,1617
5AT,RAS,1314
5AT,RAS,1415
5AT,RAS,1516
5AT,RAS,1617
5AT,RAX,1314
5AT,RAX,1415
5AT,RAX,1516
5AT,RAX,1617
5AT,RC3,1314
5AT,RC3,1415
5AT,RD7,1314
5AT,RD7,1415
5AT,RD7,1516
5AT,RD7,1617
5AT,RFW,1314
5AT,RFW,1415
5AT,RFW,1516
5AT,RFW,1617
5AT,RJ1,1314
5AT,RJ1,1415
5AT,RJ1,1516
5AT,RJ1,1617
5AT,RJ7,1314
5AT,RJ7,1415
5AT,RJ7,1516
5AT,RJ7,1617
5AT,RJZ,1314
5AT,RJZ,1415
5AT,RJZ,1516
5AT,RJZ,1617
5AT,RKE,1314
5AT,RKE,1415
5AT,RKE,1516
5AT,RKE,1617
5AT,RNJ,1314
5AT,RNJ,1415
5AT,RNJ,1516
5AT,RNJ,1617
5AT,RP4,1314
5AT,RP4,1415
5AT,RP4,1516
5AT,RP4,1617
5AT,RP6,1314
5AT,RP6,1415
5AT,RP6,1516
5AT,RP6,1617
5AT,RPY,1314
5AT,RPY,1415
5AT,RPY,1516
5AT,RPY,1617
5AT,RQM,1314
5AT,RQM,1415
5AT,RQM,1516
5AT,RQM,1617
5AT,RQM,1718
5AT,RQX,1314
5AT,RRV,1314
5AT,RRV,1415
5AT,RRV,1516
5AT,RRV,1617
5AT,RT3,1314
5AT,RT3,1415
5AT,RT3,1516
5AT,RT3,1617
5AT,RTK,1314
5AT,RTK,1415
5AT,RTK,1516
5AT,RTK,1617
5AT,RTK,1718
5AT,RV8,1314
5AT,RV8,1415
5AT,RVL,1415
5AT,RVL,1516
5AT,RWG,1314
5AT,RWG,1415
5AT,RWG,1516
5AT,RWG,1617
5AT,RWH,1314
5AT,RWH,1415
5AT,RWH,1516
5AT,RWH,1617
5AT,RYJ,1314
5AT,RYJ,1415
5AT,RYJ,1516
5AT,RYJ,1617
5H1,NT4,1314
5H1,NT4,1415
5H1,NT4,1516
5H1,NT4,1617
5H1,NV1,1314
5H1,NV1,1415
5H1,NV1,1516
5H1,NV1,1617
5H1,QMH,1415
5H1,R1K,1516
5H1,R1K,1617
5H1,RAL,1314
5H1,RAL,1415
5H1,RAL,1516
5H1,RAL,1617
5H1,RAN,1314
5H1,RAN,1415
5H1,RAN,1516
5H1,RAN,1617
5H1,RAS,1314
5H1,RAS,1415
5H1,RAS,1516
5H1,RAS,1617
5H1,RAX,1314
5H1,RAX,1415
5H1,RAX,1516
5H1,RAX,1617
5H1,RC3,1314
5H1,RC3,1415
5H1,RFW,1314
5H1,RFW,1415
5H1,RFW,1516
5H1,RFW,1617
5H1,RJ1,1314
5H1,RJ1,1415
5H1,RJ1,1516
5H1,RJ1,1617
5H1,RJ7,1314
5H1,RJ7,1415
5H1,RJ7,1516
5H1,RJ7,1617
5H1,RJZ,1314
5H1,RJZ,1415
5H1,RJZ,1516
5H1,RJZ,1617
5H1,RKE,1314
5H1,RKE,1415
5H1,RKE,1516
5H1,RKE,1617
5H1,RNJ,1314
5H1,RNJ,1415
5H1,RNJ,1516
5H1,RNJ,1617
5H1,RP4,1314
5H1,RP4,1415
5H1,RP4,1516
5H1,RP4,1617
5H1,RP6,1314
5H1,RP6,1415
5H1,RP6,1516
5H1,RP6,1617
5H1,RPY,1314
5H1,RPY,1415
5H1,RPY,1516
5H1,RPY,1617
5H1,RQM,1314
5H1,RQM,1415
5H1,RQM,1516
5H1,RQM,1617
5H1,RQM,1718
5H1,RQX,1314
5H1,RQX,1415
5H1,RQX,1516
5H1,RQX,1617
5H1,RRV,1314
5H1,RRV,1415
5H1,RRV,1516
5H1,RRV,1617
5H1,RT3,1314
5H1,RT3,1415
5H1,RT3,1516
5H1,RT3,1617
5H1,RV8,1314
5H1,RV8,1415
5H1,RVL,1415
5H1,RVL,1516
5H1,RVR,1314
5H1,RVR,1415
5H1,RVR,1516
5H1,RVR,1617
5H1,RWH,1314
5H1,RYJ,1314
5H1,RYJ,1415
5H1,RYJ,1516
5H1,RYJ,1617
5HX,NT4,1314
5HX,NT4,1415
5HX,NT4,1516
5HX,NT4,1617
5HX,NV1,1314
5HX,NV1,1415
5HX,NV1,1516
5HX,NV1,1617
5HX,QMH,1415
5HX,R1K,1516
5HX,R1K,1617
5HX,RAL,1314
5HX,RAL,1415
5HX,RAL,1516
5HX,RAL,1617
5HX,RAN,1314
5HX,RAN,1415
5HX,RAN,1516
5HX,RAN,1617
5HX,RAS,1314
5HX,RAS,1415
5HX,RAS,1516
5HX,RAS,1617
5HX,RAX,1314
5HX,RAX,1415
5HX,RAX,1516
5HX,RAX,1617
5HX,RC3,1314
5HX,RC3,1415
5HX,RD7,1314
5HX,RD7,1415
5HX,RD7,1516
5HX,RD7,1617
5HX,RFW,1314
5HX,RFW,1415
5HX,RFW,1516
5HX,RFW,1617
5HX,RJ1,1314
5HX,RJ1,1415
5HX,RJ1,1516
5HX,RJ1,1617
5HX,RJ7,1314
5HX,RJ7,1415
5HX,RJ7,1516
5HX,RJ7,1617
5HX,RJZ,1314
5HX,RJZ,1415
5HX,RJZ,1516
5HX,RJZ,1617
5HX,RKE,1314
5HX,RKE,1415
5HX,RKE,1516
5HX,RKE,1617
5HX,RNJ,1314
5HX,RNJ,1415
5HX,RNJ,1516
5HX,RNJ,1617
5HX,RP4,1314
5HX,RP4,1415
5HX,RP4,1516
5HX,RP4,1617
5HX,RP6,1314
5HX,RP6,1415
5HX,RP6,1516
5HX,RP6,1617
5HX,RPY,1314
5HX,RPY,1415
5HX,RPY,1516
5HX,RPY,1617
5HX,RQM,1314
5HX,RQM,1415
5HX,RQM,1516
5HX,RQM,1617
5HX,RQM,1718
5HX,RQX,1314
5HX,RQX,1415
5HX,RQX,1516
5HX,RQX,1617
5HX,RRV,1314
5HX,RRV,1415
5HX,RRV,1516
5HX,RRV,1617
5HX,RT3,1314
5HX,RT3,1415
5HX,RT3,1516
5HX,RT3,1617
5HX,RTK,1314
5HX,RTK,1415
5HX,RTK,1516
5HX,RTK,1617
5HX,RTK,1718
5HX,RV8,1314
5HX,RV8,1415
5HX,RVL,1415
5HX,RVL,1516
5HX,RWH,1314
5HX,RWH,1415
5HX,RWH,1516
5HX,RWH,1617
5HX,RYJ,1314
5HX,RYJ,1415
5HX,RYJ,1516
5HX,RYJ,1617
5HY,NT4,1314
5HY,NT4,1415
5HY,NT4,1516
5HY,NT4,1617
5HY,NV1,1314
5HY,NV1,1415
5HY,QMH,1415
5HY,R1K,1516
5HY,R1K,1617
5HY,RA2,1314
5HY,RA2,1415
5HY,RA2,1516
5HY,RA2,1617
5HY,RAL,1314
5HY,RAL,1415
5HY,RAL,1516
5HY,RAL,1617
5HY,RAN,1314
5HY,RAN,1415
5HY,RAN,1516
5HY,RAN,1617
5HY,RAS,1314
5HY,RAS,1415
5HY,RAS,1516
5HY,RAS,1617
5HY,RAX,1314
5HY,RAX,1415
5HY,RAX,1516
5HY,RAX,1617
5HY,RC3,1314
5HY,RC3,1415
5HY,RD7,1314
5HY,RD7,1415
5HY,RD7,1516
5HY,RD7,1617
5HY,RFW,1314
5HY,RFW,1415
5HY,RFW,1516
5HY,RFW,1617
5HY,RJ1,1314
5HY,RJ1,1415
5HY,RJ1,1516
5HY,RJ1,1617
5HY,RJ7,1314
5HY,RJ7,1415
5HY,RJ7,1516
5HY,RJ7,1617
5HY,RJZ,1314
5HY,RJZ,1415
5HY,RJZ,1516
5HY,RJZ,1617
5HY,RKE,1314
5HY,RKE,1415
5HY,RKE,1516
5HY,RKE,1617
5HY,RNJ,1314
5HY,RNJ,1415
5HY,RNJ,1516
5HY,RNJ,1617
5HY,RP4,1314
5HY,RP4,1415
5HY,RP4,1516
5HY,RP4,1617
5HY,RP6,1314
5HY,RP6,1415
5HY,RP6,1516
5HY,RP6,1617
5HY,RPY,1314
5HY,RPY,1415
5HY,RPY,1516
5HY,RPY,1617
5HY,RQM,1314
5HY,RQM,1415
5HY,RQM,1516
5HY,RQM,1617
5HY,RQM,1718
5HY,RQX,1314
5HY,RRV,1314
5HY,RRV,1415
5HY,RRV,1516
5HY,RRV,1617
5HY,RT3,1314
5HY,RT3,1415
5HY,RT3,1516
5HY,RT3,1617
5HY,RTK,1314
5HY,RTK,1415
5HY,RTK,1516
5HY,RTK,1617
5HY,RTK,1718
5HY,RV8,1314
5HY,RV8,1415
5HY,RVL,1415
5HY,RVL,1516
5HY,RVR,1314
5HY,RVR,1415
5HY,RVR,1516
5HY,RVR,1617
5HY,RWH,1314
5HY,RWH,1415
5HY,RWH,1516
5HY,RWH,1617
5HY,RYJ,1314
5HY,RYJ,1415
5HY,RYJ,1516
5HY,RYJ,1617
5K5,NT4,1314
5K5,NT4,1415
5K5,NT4,1516
5K5,NT4,1617
5K5,NV1,1314
5K5,NV1,1415
5K5,NV1,1516
5K5,NV1,1617
5K5,R1K,1516
5K5,R1K,1617
5K5,RAL,1314
5K5,RAL,1415
5K5,RAL,1516
5K5,RAL,1617
5K5,RAN,1314
5K5,RAN,1415
5K5,RAN,1516
5K5,RAN,1617
5K5,RAP,1314
5K5,RAP,1415
5K5,RAP,1516
5K5,RAP,1617
5K5,RAS,1314
5K5,RAS,1415
5K5,RAS,1516
5K5,RAS,1617
5K5,RAX,1314
5K5,RAX,1415
5K5,RAX,1516
5K5,RAX,1617
5K5,RC3,1314
5K5,RC3,1415
5K5,RFW,1314
5K5,RFW,1415
5K5,RFW,1516
5K5,RFW,1617
5K5,RJ1,1314
5K5,RJ1,1415
5K5,RJ1,1516
5K5,RJ1,1617
5K5,RJ7,1314
5K5,RJ7,1415
5K5,RJ7,1516
5K5,RJ7,1617
5K5,RJZ,1314
5K5,RJZ,1415
5K5,RJZ,1516
5K5,RJZ,1617
5K5,RKE,1314
5K5,RKE,1415
5K5,RKE,1516
5K5,RKE,1617
5K5,RNJ,1314
5K5,RNJ,1415
5K5,RNJ,1516
5K5,RNJ,1617
5K5,RP4,1314
5K5,RP4,1415
5K5,RP4,1516
5K5,RP4,1617
5K5,RP6,1314
5K5,RP6,1415
5K5,RP6,1516
5K5,RP6,1617
5K5,RPY,1314
5K5,RPY,1415
5K5,RPY,1516
5K5,RPY,1617
5K5,RQM,1314
5K5,RQM,1415
5K5,RQM,1516
5K5,RQM,1617
5K5,RQM,1718
5K5,RQX,1314
5K5,RQX,1415
5K5,RQX,1516
5K5,RQX,1617
5K5,RRV,1314
5K5,RRV,1415
5K5,RRV,1516
5K5,RRV,1617
5K5,RT3,1314
5K5,RT3,1415
5K5,RT3,1516
5K5,RT3,1617
5K5,RV8,1314
5K5,RV8,1415
5K5,RVL,1314
5K5,RVL,1415
5K5,RVL,1516
5K5,RWG,1314
5K5,RWG,1415
5K5,RWG,1516
5K5,RWG,1617
5K5,RWH,1314
5K5,RWH,1415
5K5,RWH,1516
5K5,RWH,1617
5K5,RYJ,1314
5K5,RYJ,1415
5K5,RYJ,1516
5K5,RYJ,1617
5K6,NT4,1314
5K6,NT4,1415
5K6,NT4,1516
5K6,NT4,1617
5K6,NV1,1314
5K6,NV1,1415
5K6,R1K,1516
5K6,R1K,1617
5K6,RAL,1314
5K6,RAL,1415
5K6,RAL,1516
5K6,RAL,1617
5K6,RAN,1314
5K6,RAN,1415
5K6,RAN,1516
5K6,RAN,1617
5K6,RAS,1314
5K6,RAS,1415
5K6,RAS,1516
5K6,RAS,1617
5K6,RAX,1314
5K6,RAX,1415
5K6,RAX,1516
5K6,RAX,1617
5K6,RC3,1314
5K6,RC3,1415
5K6,RFW,1314
5K6,RFW,1415
5K6,RFW,1516
5K6,RFW,1617
5K6,RJ1,1314
5K6,RJ1,1415
5K6,RJ1,1516
5K6,RJ1,1617
5K6,RJ7,1516
5K6,RJ7,1617
5K6,RJZ,1314
5K6,RJZ,1415
5K6,RJZ,1516
5K6,RJZ,1617
5K6,RKE,1314
5K6,RKE,1415
5K6,RKE,1516
5K6,RKE,1617
5K6,RNJ,1314
5K6,RNJ,1415
5K6,RNJ,1516
5K6,RNJ,1617
5K6,RP4,1314
5K6,RP4,1415
5K6,RP4,1516
5K6,RP4,1617
5K6,RP6,1314
5K6,RP6,1415
5K6,RP6,1516
5K6,RP6,1617
5K6,RPY,1314
5K6,RPY,1415
5K6,RPY,1516
5K6,RPY,1617
5K6,RQM,1314
5K6,RQM,1415
5K6,RQM,1516
5K6,RQM,1617
5K6,RQM,1718
5K6,RQX,1314
5K6,RRV,1314
5K6,RRV,1415
5K6,RRV,1516
5K6,RRV,1617
5K6,RT3,1314
5K6,RT3,1415
5K6,RT3,1516
5K6,RT3,1617
5K6,RV8,1314
5K6,RV8,1415
5K6,RVL,1314
5K6,RVL,1415
5K6,RVL,1516
5K6,RWG,1314
5K6,RWG,1415
5K6,RWG,1516
5K6,RWG,1617
5K6,RWH,1314
5K6,RWH,1415
5K6,RWH,1516
5K6,RWH,1617
5K6,RYJ,1314
5K6,RYJ,1415
5K6,RYJ,1516
5K6,RYJ,1617
5LA,NT4,1314
5LA,NT4,1415
5LA,NT4,1516
5LA,NT4,1617
5LA,NV1,1314
5LA,NV1,1415
5LA,NV1,1516
5LA,NV1,1617
5LA,QMH,1415
5LA,R1K,1516
5LA,R1K,1617
5LA,RAL,1314
5LA,RAL,1415
5LA,RAL,1516
5LA,RAL,1617
5LA,RAN,1314
5LA,RAN,1415
5LA,RAN,1516
5LA,RAN,1617
5LA,RAS,1314
5LA,RAS,1415
5LA,RAS,1516
5LA,RAS,1617
5LA,RAX,1314
5LA,RAX,1415
5LA,RAX,1516
5LA,RAX,1617
5LA,RC3,1314
5LA,RC3,1415
5LA,RFW,1314
5LA,RFW,1415
5LA,RFW,1516
5LA,RFW,1617
5LA,RJ1,1314
5LA,RJ1,1415
5LA,RJ1,1516
5LA,RJ1,1617
5LA,RJ7,1314
5LA,RJ7,1415
5LA,RJ7,1516
5LA,RJ7,1617
5LA,RJZ,1314
5LA,RJZ,1415
5LA,RJZ,1516
5LA,RJZ,1617
5LA,RKE,1314
5LA,RKE,1415
5LA,RKE,1516
5LA,RKE,1617
5LA,RNJ,1314
5LA,RNJ,1415
5LA,RNJ,1516
5LA,RNJ,1617
5LA,RP4,1314
5LA,RP4,1415
5LA,RP4,1516
5LA,RP4,1617
5LA,RP6,1314
5LA,RP6,1415
5LA,RP6,1516
5LA,RP6,1617
5LA,RPY,1314
5LA,RPY,1415
5LA,RPY,1516
5LA,RPY,1617
5LA,RQM,1314
5LA,RQM,1415
5LA,RQM,1516
5LA,RQM,1617
5LA,RQM,1718
5LA,RQX,1314
5LA,RQX,1415
5LA,RQX,1516
5LA,RQX,1617
5LA,RRV,1314
5LA,RRV,1415
5LA,RRV,1516
5LA,RRV,1617
5LA,RT3,1314
5LA,RT3,1415
5LA,RT3,1516
5LA,RT3,1617
5LA,RV8,1314
5LA,RV8,1415
5LA,RVL,1415
5LA,RVL,1516
5LA,RWH,1415
5LA,RYJ,1314
5LA,RYJ,1415
5LA,RYJ,1516
5LA,RYJ,1617
5LC,NT4,1314
5LC,NT4,1415
5LC,NT4,1516
5LC,NT4,1617
5LC,NV1,1314
5LC,NV1,1415
5LC,NV1,1516
5LC,NV1,1617
5LC,QMH,1415
5LC,R1K,1516
5LC,R1K,1617
5LC,RAL,1314
5LC,RAL,1415
5LC,RAL,1516
5LC,RAL,1617
5LC,RAN,1314
5LC,RAN,1415
5LC,RAN,1516
5LC,RAN,1617
5LC,RAS,1314
5LC,RAS,1415
5LC,RAS,1516
5LC,RAS,1617
5LC,RAX,1314
5LC,RAX,1415
5LC,RAX,1516
5LC,RAX,1617
5LC,RC3,1314
5LC,RC3,1415
5LC,RFW,1314
5LC,RFW,1415
5LC,RFW,1516
5LC,RFW,1617
5LC,RJ1,1314
5LC,RJ1,1415
5LC,RJ1,1516
5LC,RJ1,1617
5LC,RJ7,1314
5LC,RJ7,1415
5LC,RJ7,1516
5LC,RJ7,1617
5LC,RJZ,1314
5LC,RJZ,1415
5LC,RJZ,1516
5LC,RJZ,1617
5LC,RKE,1314
5LC,RKE,1415
5LC,RKE,1516
5LC,RKE,1617
5LC,RNJ,1314
5LC,RNJ,1415
5LC,RNJ,1516
5LC,RNJ,1617
5LC,RP4,1314
5LC,RP4,1415
5LC,RP4,1516
5LC,RP4,1617
5LC,RP6,1314
5LC,RP6,1415
5LC,RP6,1516
5LC,RP6,1617
5LC,RPY,1314
5LC,RPY,1415
5LC,RPY,1516
5LC,RPY,1617
5LC,RQM,1314
5LC,RQM,1415
5LC,RQM,1516
5LC,RQM,1617
5LC,RQM,1718
5LC,RQX,1314
5LC,RQX,1415
5LC,RQX,1516
5LC,RQX,1617
5LC,RRV,1314
5LC,RRV,1415
5LC,RRV,1516
5LC,RRV,1617
5LC,RT3,1314
5LC,RT3,1415
5LC,RT3,1516
5LC,RT3,1617
5LC,RV8,1314
5LC,RV8,1415
5LC,RVL,1415
5LC,RVL,1516
5LC,RWH,1314
5LC,RWH,1415
5LC,RWH,1516
5LC,RWH,1617
5LC,RYJ,1314
5LC,RYJ,1415
5LC,RYJ,1516
5LC,RYJ,1617
