snomed_code,snomed_term,status,category
417298001,Abnormal craving for drugs (finding),QUALIFYING,Current misuse or dependence
105549004,Abuses volatile solvents (finding),QUALIFYING,Current misuse or dependence
296302007,Accidental cannabis overdose (disorder),QUALIFYING,Current misuse or dependence
291246000,Accidental cannabis poisoning (disorder),QUALIFYING,Current misuse or dependence
290543000,Accidental cocaine poisoning (disorder),QUALIFYING,Current misuse or dependence
291258000,Accidental ecstasy poisoning (disorder),QUALIFYING,Current misuse or dependence
295175007,Accidental heroin overdose (disorder),QUALIFYING,Current misuse or dependence
290181001,Accidental heroin poisoning (disorder),QUALIFYING,Current misuse or dependence
295567006,Accidental local cocaine overdose (disorder),QUALIFYING,Current misuse or dependence
296314004,Accidental mescaline overdose (disorder),QUALIFYING,Current misuse or dependence
291255002,Accidental mescaline poisoning (disorder),QUALIFYING,Current misuse or dependence
296322006,Accidental overdose by cocaine (disorder),QUALIFYING,Current misuse or dependence
296326009,Accidental overdose by crack cocaine (disorder),QUALIFYING,Current misuse or dependence
296306005,Accidental overdose by lysergic acid (disorder),QUALIFYING,Current misuse or dependence
1149240000,Accidental overdose by lysergic acid diethylamide (disorder),QUALIFYING,Current misuse or dependence
242257009,Accidental overdose of ecstasy (disorder),QUALIFYING,Current misuse or dependence
838520000,Accidental overdose of methylenedioxymethamphetamine (disorder),QUALIFYING,Current misuse or dependence
216552005,"Accidental poisoning by lysergide, LSD (disorder)",QUALIFYING,Current misuse or dependence
216551003,Accidental poisoning caused by cannabis derivatives (disorder),QUALIFYING,Current misuse or dependence
216583009,Accidental poisoning caused by cocaine (disorder),QUALIFYING,Current misuse or dependence
291261004,Accidental poisoning caused by crack cocaine (disorder),QUALIFYING,Current misuse or dependence
216463005,Accidental poisoning caused by heroin (disorder),QUALIFYING,Current misuse or dependence
216554006,Accidental poisoning caused by mescaline (disorder),QUALIFYING,Current misuse or dependence
216469009,Accidental poisoning caused by opium (disorder),QUALIFYING,Current misuse or dependence
296310008,Accidental psilocybin overdose (disorder),QUALIFYING,Current misuse or dependence
231482005,Active drug dependence (disorder),QUALIFYING,Current misuse or dependence
228413007,Age at starting drug misuse (observable entity),QUALIFYING,Current misuse or dependence
424461008,Altered behavior due to substance use (finding),QUALIFYING,Current misuse or dependence
1230072003,"Amfetamine and/or amfetamine derivative abuse, continuous (disorder)",QUALIFYING,Current misuse or dependence
838527002,Amfetamine and/or amfetamine derivative dependence (disorder),QUALIFYING,Current misuse or dependence
1231328003,Amfetamine and/or amfetamine derivative dependence continuous (disorder),QUALIFYING,Current misuse or dependence
1231327008,Amfetamine and/or amfetamine derivative dependence episodic (disorder),QUALIFYING,Current misuse or dependence
1157240004,Amfetamine and/or amfetamine derivative intoxication (disorder),QUALIFYING,Current misuse or dependence
1237202006,Amfetamine and/or amfetamine derivative withdrawal syndrome (disorder),QUALIFYING,Current misuse or dependence
43497001,Amfetamine-induced mood disorder (disorder),QUALIFYING,Current misuse or dependence
788863007,Amnestic disorder caused by psychoactive substance (disorder),QUALIFYING,Current misuse or dependence
442229000,Amount of money spent per day on drug habit (observable entity),QUALIFYING,Current misuse or dependence
84758004,Amphetamine abuse (disorder),QUALIFYING,Current misuse or dependence
427205009,"Amphetamine abuse, continuous (disorder)",QUALIFYING,Current misuse or dependence
429692000,"Amphetamine abuse, episodic (disorder)",QUALIFYING,Current misuse or dependence
32358001,Amphetamine delusional disorder (disorder),QUALIFYING,Current misuse or dependence
21647008,Amphetamine dependence (disorder),QUALIFYING,Current misuse or dependence
45421006,Amphetamine intoxication (disorder),QUALIFYING,Current misuse or dependence
428659002,Amphetamine misuse (finding),QUALIFYING,Current misuse or dependence
191843004,"Amphetamine or psychostimulant dependence, continuous (disorder)",QUALIFYING,Current misuse or dependence
191844005,"Amphetamine or psychostimulant dependence, episodic (disorder)",QUALIFYING,Current misuse or dependence
78358001,Amphetamine withdrawal syndrome (disorder),QUALIFYING,Current misuse or dependence
51443000,Amphetamine-induced psychotic disorder with hallucinations (disorder),QUALIFYING,Current misuse or dependence
25753007,Amphetamine-induced sleep disorder (disorder),QUALIFYING,Current misuse or dependence
429179002,Antidepressant misuse (finding),QUALIFYING,Current misuse or dependence
82339009,Anxiety disorder caused by amfetamine (disorder),QUALIFYING,Current misuse or dependence
51493001,Anxiety disorder caused by cocaine (disorder),QUALIFYING,Current misuse or dependence
724722007,Anxiety disorder caused by dissociative drug (disorder),QUALIFYING,Current misuse or dependence
724723002,Anxiety disorder caused by ketamine (disorder),QUALIFYING,Current misuse or dependence
12398201000119102,Anxiety disorder caused by methamphetamine (disorder),QUALIFYING,Current misuse or dependence
724708007,Anxiety disorder caused by methylenedioxymethamphetamine (disorder),QUALIFYING,Current misuse or dependence
55967005,Anxiety disorder caused by phencyclidine (disorder),QUALIFYING,Current misuse or dependence
762331007,Anxiety disorder caused by stimulant (disorder),QUALIFYING,Current misuse or dependence
737341006,Anxiety disorder caused by synthetic cannabinoid (disorder),QUALIFYING,Current misuse or dependence
762515000,Anxiety disorder caused by synthetic cathinone (disorder),QUALIFYING,Current misuse or dependence
231470001,Anxiolytic dependence (disorder),QUALIFYING,Current misuse or dependence
724659004,Anxiolytic dependence with current use (disorder),QUALIFYING,Current misuse or dependence
1231163004,"Anxiolytic dependence, continuous (disorder)",QUALIFYING,Current misuse or dependence
1231161002,"Anxiolytic dependence, episodic (disorder)",QUALIFYING,Current misuse or dependence
231472009,Barbiturate dependence (disorder),QUALIFYING,Current misuse or dependence
428623008,Barbiturate misuse (finding),QUALIFYING,Current misuse or dependence
231473004,Benzodiazepine dependence (disorder),QUALIFYING,Current misuse or dependence
428406005,Benzodiazepine misuse (finding),QUALIFYING,Current misuse or dependence
1237200003,Buprenorphine and/or naloxone withdrawal syndrome (disorder),QUALIFYING,Current misuse or dependence
703845008,Buprenorphine dependence (disorder),QUALIFYING,Current misuse or dependence
228443009,Buying drugs (finding),QUALIFYING,Current misuse or dependence
63649001,Cannabis delusional disorder (disorder),QUALIFYING,Current misuse or dependence
85005007,Cannabis dependence (disorder),QUALIFYING,Current misuse or dependence
723933008,Cannabis dependence with current use (disorder),QUALIFYING,Current misuse or dependence
191837001,"Cannabis dependence, continuous (disorder)",QUALIFYING,Current misuse or dependence
191838006,"Cannabis dependence, episodic (disorder)",QUALIFYING,Current misuse or dependence
11048011000119103,Cannabis hyperemesis syndrome co-occurrent and due to cannabis dependence (disorder),QUALIFYING,Current misuse or dependence
39807006,Cannabis intoxication delirium (disorder),QUALIFYING,Current misuse or dependence
428823006,Cannabis misuse (finding),QUALIFYING,Current misuse or dependence
296301000,Cannabis overdose (disorder),QUALIFYING,Current misuse or dependence
296304008,Cannabis overdose of undetermined intent (disorder),QUALIFYING,Current misuse or dependence
268641003,Cannabis type drug dependence (disorder),QUALIFYING,Current misuse or dependence
51441000087107,Cannabis-filled electronic cigarette user (finding),QUALIFYING,Current misuse or dependence
39951001,Cannabis-induced anxiety disorder (disorder),QUALIFYING,Current misuse or dependence
26714005,Cannabis-induced psychotic disorder with hallucinations (disorder),QUALIFYING,Current misuse or dependence
817962007,Chlordiazepoxide dependence (disorder),QUALIFYING,Current misuse or dependence
228401002,Cleaning of drug injection equipment (observable entity),QUALIFYING,Current misuse or dependence
228402009,Cleans drug injection equipment (finding),QUALIFYING,Current misuse or dependence
715818002,Cleans drug injection needle with bleach (finding),QUALIFYING,Current misuse or dependence
373613000,Cleans own needles (finding),QUALIFYING,Current misuse or dependence
718617006,Clinical Institute Withdrawal Assessment for Benzodiazepines scale score (observable entity),QUALIFYING,Current misuse or dependence
763699005,Clinical Opiate Withdrawal Scale score (observable entity),QUALIFYING,Current misuse or dependence
30491001,Cocaine delusional disorder (disorder),QUALIFYING,Current misuse or dependence
31956009,Cocaine dependence (disorder),QUALIFYING,Current misuse or dependence
724688003,Cocaine dependence with current use (disorder),QUALIFYING,Current misuse or dependence
191831000,"Cocaine dependence, continuous (disorder)",QUALIFYING,Current misuse or dependence
191832007,"Cocaine dependence, episodic (disorder)",QUALIFYING,Current misuse or dependence
27956007,Cocaine intoxication (disorder),QUALIFYING,Current misuse or dependence
70328006,Cocaine intoxication delirium (disorder),QUALIFYING,Current misuse or dependence
429782000,Cocaine misuse (finding),QUALIFYING,Current misuse or dependence
191829009,Cocaine type drug dependence (disorder),QUALIFYING,Current misuse or dependence
80868005,Cocaine withdrawal syndrome (disorder),QUALIFYING,Current misuse or dependence
10327003,Cocaine-induced mood disorder (disorder),QUALIFYING,Current misuse or dependence
6348008,Cocaine-induced psychotic disorder with hallucinations (disorder),QUALIFYING,Current misuse or dependence
22574000,Cocaine-induced sleep disorder (disorder),QUALIFYING,Current misuse or dependence
429299000,"Combined drug dependence, continuous (disorder)",QUALIFYING,Current misuse or dependence
191873008,"Combined drug dependence, excluding opioid, continuous (disorder)",QUALIFYING,Current misuse or dependence
191874002,"Combined drug dependence, excluding opioid, episodic (disorder)",QUALIFYING,Current misuse or dependence
191871005,"Combined drug dependence, excluding opioids (disorder)",QUALIFYING,Current misuse or dependence
191865004,Combined opioid with non-opioid drug dependence (disorder),QUALIFYING,Current misuse or dependence
191867007,"Combined opioid with non-opioid drug dependence, continuous (disorder)",QUALIFYING,Current misuse or dependence
191868002,"Combined opioid with non-opioid drug dependence, episodic (disorder)",QUALIFYING,Current misuse or dependence
1255013006,Combined opioid with non-opioid substance dependence (disorder),QUALIFYING,Current misuse or dependence
1255018002,"Combined opioid with non-opioid substance dependence, continuous (disorder)",QUALIFYING,Current misuse or dependence
1255015004,"Combined opioid with non-opioid substance dependence, episodic (disorder)",QUALIFYING,Current misuse or dependence
1255012001,"Combined substance dependence, continuous (disorder)",QUALIFYING,Current misuse or dependence
1255017007,"Combined substance dependence, excluding opioid, continuous (disorder)",QUALIFYING,Current misuse or dependence
1255016003,"Combined substance dependence, excluding opioid, episodic (disorder)",QUALIFYING,Current misuse or dependence
1255014000,"Combined substance dependence, excluding opioids (disorder)",QUALIFYING,Current misuse or dependence
413295004,Concerned about own drug use (finding),QUALIFYING,Current misuse or dependence
1230085000,Continuous nondependent harmful pattern of use of amfetamine and/or amfetamine derivative (disorder),QUALIFYING,Current misuse or dependence
191918009,Continuous nondependent harmful pattern of use of cocaine (disorder),QUALIFYING,Current misuse or dependence
1230084001,Continuous nondependent harmful pattern of use of psychostimulant (disorder),QUALIFYING,Current misuse or dependence
191819002,Continuous opioid dependence (disorder),QUALIFYING,Current misuse or dependence
416262000,Continuous use of drugs (observable entity),QUALIFYING,Current misuse or dependence
231481003,Controlled drug dependence (disorder),QUALIFYING,Current misuse or dependence
428493006,Crack cocaine misuse (finding),QUALIFYING,Current misuse or dependence
228438002,Craves for drugs (finding),QUALIFYING,Current misuse or dependence
417284009,Current drug user (finding),QUALIFYING,Current misuse or dependence
248021000000105,Current non recreational drug user (finding),QUALIFYING,Current misuse or dependence
1254782007,Dabbing (event),QUALIFYING,Current misuse or dependence
228441006,Dealing with drugs (finding),QUALIFYING,Current misuse or dependence
860699005,Deep vein thrombosis of lower extremity due to intravenous drug use (disorder),QUALIFYING,Current misuse or dependence
8837000,Delirium caused by amphetamine (disorder),QUALIFYING,Current misuse or dependence
724717007,Delirium caused by dissociative drug (disorder),QUALIFYING,Current misuse or dependence
724716003,Delirium caused by ketamine (disorder),QUALIFYING,Current misuse or dependence
39003006,Delirium caused by psychoactive substance (disorder),QUALIFYING,Current misuse or dependence
762324008,Delirium caused by stimulant (disorder),QUALIFYING,Current misuse or dependence
737339005,Delirium caused by synthetic cannabinoid (disorder),QUALIFYING,Current misuse or dependence
762506007,Delirium caused by synthetic cathinone (disorder),QUALIFYING,Current misuse or dependence
16236661000119100,Delirium due to methamphetamine intoxication (disorder),QUALIFYING,Current misuse or dependence
50722006,Delusional disorder caused by phencyclidine (disorder),QUALIFYING,Current misuse or dependence
724714000,Dependence caused by dissociative substance (disorder),QUALIFYING,Current misuse or dependence
231477003,Dependence on diamorphine (disorder),QUALIFYING,Current misuse or dependence
441681009,Dependence on unknown drug (disorder),QUALIFYING,Current misuse or dependence
16238181000119101,Depressive disorder caused by amphetamine (disorder),QUALIFYING,Current misuse or dependence
16238221000119109,Depressive disorder caused by methamphetamine (disorder),QUALIFYING,Current misuse or dependence
363908000,Details of drug misuse behavior (observable entity),QUALIFYING,Current misuse or dependence
440664005,Details of drug use behavior during pregnancy (observable entity),QUALIFYING,Current misuse or dependence
231474005,Diazepam dependence (disorder),QUALIFYING,Current misuse or dependence
737226008,Disorder caused by cannabis (disorder),QUALIFYING,Current misuse or dependence
1187220002,Disorder caused by cocaine (disorder),QUALIFYING,Current misuse or dependence
788904003,Disorder caused by dissociative drug (disorder),QUALIFYING,Current misuse or dependence
1187219008,Disorder caused by psychoactive substance (disorder),QUALIFYING,Current misuse or dependence
737334000,Disorder caused by synthetic cannabinoid use (disorder),QUALIFYING,Current misuse or dependence
762503004,Disorder caused by synthetic cathinone (disorder),QUALIFYING,Current misuse or dependence
439374006,Drug abuse cessation behavior (observable entity),QUALIFYING,Current misuse or dependence
228373001,Drug addict (finding),QUALIFYING,Current misuse or dependence
191816009,Drug dependence (disorder),QUALIFYING,Current misuse or dependence
199252002,Drug dependence during pregnancy - baby delivered (disorder),QUALIFYING,Current misuse or dependence
199254001,Drug dependence during pregnancy - baby not yet delivered (disorder),QUALIFYING,Current misuse or dependence
267206008,"Drug dependence during pregnancy, childbirth and the puerperium (disorder)",QUALIFYING,Current misuse or dependence
10755161000119102,Drug dependence in childbirth (disorder),QUALIFYING,Current misuse or dependence
199253007,Drug dependence in the puerperium - baby delivered (disorder),QUALIFYING,Current misuse or dependence
199255000,Drug dependence in the puerperium - baby delivered during previous episode of care (disorder),QUALIFYING,Current misuse or dependence
153491000119103,"Drug dependence, continuous (disorder)",QUALIFYING,Current misuse or dependence
153501000119105,"Drug dependence, episodic (disorder)",QUALIFYING,Current misuse or dependence
228419006,Drug habit takes priority over family obligations (finding),QUALIFYING,Current misuse or dependence
228420000,Drug habit takes priority over financial obligations (finding),QUALIFYING,Current misuse or dependence
228418003,Drug habit takes priority over social obligations (finding),QUALIFYING,Current misuse or dependence
228394003,Drug injecting equipment hygiene (observable entity),QUALIFYING,Current misuse or dependence
228391006,Drug injection behavior (observable entity),QUALIFYING,Current misuse or dependence
240951000000103,Drug misuse reported by other (finding),QUALIFYING,Current misuse or dependence
441668002,Drug seeking behavior (finding),QUALIFYING,Current misuse or dependence
228440007,Drug-related offending behavior (finding),QUALIFYING,Current misuse or dependence
228429004,Drug-related rituals (observable entity),QUALIFYING,Current misuse or dependence
417360004,Duplicative flashbacks (disorder),QUALIFYING,Current misuse or dependence
202961000000106,Ecstasy misuse (finding),QUALIFYING,Current misuse or dependence
191877009,Ecstasy type drug dependence (disorder),QUALIFYING,Current misuse or dependence
405069002,Effect of substance addiction (observable entity),QUALIFYING,Current misuse or dependence
1230071005,Episodic harmful pattern of use of amfetamine and/or amfetamine derivative (disorder),QUALIFYING,Current misuse or dependence
204641000000107,Episodic nondependent crack cocaine abuse (disorder),QUALIFYING,Current misuse or dependence
1230087008,Episodic nondependent harmful pattern of use of amfetamine and/or amfetamine derivative (disorder),QUALIFYING,Current misuse or dependence
191919001,Episodic nondependent harmful pattern of use of cocaine (disorder),QUALIFYING,Current misuse or dependence
1230086004,Episodic nondependent harmful pattern of use of psychostimulant (disorder),QUALIFYING,Current misuse or dependence
191820008,Episodic opioid dependence (disorder),QUALIFYING,Current misuse or dependence
16076691000119100,Episodic polysubstance dependence (disorder),QUALIFYING,Current misuse or dependence
417252002,Episodic use of drugs (observable entity),QUALIFYING,Current misuse or dependence
417531009,Excessive craving for drugs (finding),QUALIFYING,Current misuse or dependence
426001001,Fentanyl dependence (disorder),QUALIFYING,Current misuse or dependence
228430009,Follows drug-related rituals (finding),QUALIFYING,Current misuse or dependence
228428007,Follows same drug-related routine every day (finding),QUALIFYING,Current misuse or dependence
228390007,Frequency of drug misuse (observable entity),QUALIFYING,Current misuse or dependence
228398000,Frontloading (finding),QUALIFYING,Current misuse or dependence
191853003,Glue sniffing dependence (disorder),QUALIFYING,Current misuse or dependence
191855005,"Glue sniffing dependence, continuous (disorder)",QUALIFYING,Current misuse or dependence
191856006,"Glue sniffing dependence, episodic (disorder)",QUALIFYING,Current misuse or dependence
228389003,Groin injector (finding),QUALIFYING,Current misuse or dependence
361049005,Habitual drug user (finding),QUALIFYING,Current misuse or dependence
50933003,Hallucinogen delusional disorder (disorder),QUALIFYING,Current misuse or dependence
38247002,Hallucinogen dependence (disorder),QUALIFYING,Current misuse or dependence
724695007,Hallucinogen dependence with current use (disorder),QUALIFYING,Current misuse or dependence
191849000,"Hallucinogen dependence, continuous (disorder)",QUALIFYING,Current misuse or dependence
191850000,"Hallucinogen dependence, episodic (disorder)",QUALIFYING,Current misuse or dependence
32009006,Hallucinogen hallucinosis (disorder),QUALIFYING,Current misuse or dependence
50320000,Hallucinogen intoxication (disorder),QUALIFYING,Current misuse or dependence
40571009,Hallucinogen intoxication delirium (disorder),QUALIFYING,Current misuse or dependence
1383008,Hallucinogen mood disorder (disorder),QUALIFYING,Current misuse or dependence
15277004,Hallucinogen-induced anxiety disorder (disorder),QUALIFYING,Current misuse or dependence
785277001,Harmful pattern of use of amfetamine and/or amfetamine derivative (disorder),QUALIFYING,Current misuse or dependence
78267003,Harmful pattern of use of cocaine (disorder),QUALIFYING,Current misuse or dependence
74851005,Harmful pattern of use of hallucinogen (disorder),QUALIFYING,Current misuse or dependence
145101000119102,Harmful pattern of use of intravenous cocaine (disorder),QUALIFYING,Current misuse or dependence
699449003,Harmful pattern of use of metamfetamine (disorder),QUALIFYING,Current misuse or dependence
91388009,Harmful pattern of use of psychoactive substance (disorder),QUALIFYING,Current misuse or dependence
441527004,Harmful pattern of use of stimulant (disorder),QUALIFYING,Current misuse or dependence
737336003,Harmful pattern of use of synthetic cannabinoid (disorder),QUALIFYING,Current misuse or dependence
762504005,Harmful pattern of use of synthetic cathinone (disorder),QUALIFYING,Current misuse or dependence
724712001,Harmful use of dissociative drug (disorder),QUALIFYING,Current misuse or dependence
228427002,Has a routine of drug-related activities (finding),QUALIFYING,Current misuse or dependence
383871000000108,Health problem secondary to drug misuse (finding),QUALIFYING,Current misuse or dependence
202991000000100,Heroin misuse (finding),QUALIFYING,Current misuse or dependence
295174006,Heroin overdose (disorder),QUALIFYING,Current misuse or dependence
295176008,Heroin overdose of undetermined intent (disorder),QUALIFYING,Current misuse or dependence
724656006,Hypnotic dependence (disorder),QUALIFYING,Current misuse or dependence
724658007,Hypnotic dependence with current use (disorder),QUALIFYING,Current misuse or dependence
1231162009,"Hypnotic dependence, continuous (disorder)",QUALIFYING,Current misuse or dependence
1231160001,"Hypnotic dependence, episodic (disorder)",QUALIFYING,Current misuse or dependence
268640002,Hypnotic or anxiolytic dependence (disorder),QUALIFYING,Current misuse or dependence
191825003,"Hypnotic or anxiolytic dependence, continuous (disorder)",QUALIFYING,Current misuse or dependence
191826002,"Hypnotic or anxiolytic dependence, episodic (disorder)",QUALIFYING,Current misuse or dependence
741063003,Illicit drug injection in last 12 months (finding),QUALIFYING,Current misuse or dependence
307052004,Illicit drug use (finding),QUALIFYING,Current misuse or dependence
788955005,Impulse control disorder caused by cocaine (disorder),QUALIFYING,Current misuse or dependence
788956006,Impulse control disorder caused by psychoactive substance (disorder),QUALIFYING,Current misuse or dependence
788957002,Impulse control disorder caused by stimulant (disorder),QUALIFYING,Current misuse or dependence
788958007,Impulse control disorder caused by synthetic cathinone (disorder),QUALIFYING,Current misuse or dependence
18689007,Inhalant intoxication delirium (disorder),QUALIFYING,Current misuse or dependence
20876004,Inhalant-induced anxiety disorder (disorder),QUALIFYING,Current misuse or dependence
89451009,Inhalant-induced mood disorder (disorder),QUALIFYING,Current misuse or dependence
61104008,Inhalant-induced organic mental disorder (disorder),QUALIFYING,Current misuse or dependence
32875003,Inhalant-induced persisting dementia (disorder),QUALIFYING,Current misuse or dependence
75122001,Inhalant-induced psychotic disorder with delusions (disorder),QUALIFYING,Current misuse or dependence
63983005,Inhalant-induced psychotic disorder with hallucinations (disorder),QUALIFYING,Current misuse or dependence
228376009,Inhales drugs (finding),QUALIFYING,Current misuse or dependence
226034001,Injecting drug user (finding),QUALIFYING,Current misuse or dependence
228387001,Injects drugs intramuscularly (finding),QUALIFYING,Current misuse or dependence
228386005,Injects drugs subcutaneously (finding),QUALIFYING,Current misuse or dependence
296303002,Intentional cannabis overdose (disorder),QUALIFYING,Current misuse or dependence
240061000000104,Intentional drug overdose by drug paraphernalia (disorder),QUALIFYING,Current misuse or dependence
295568001,Intentional local cocaine overdose (disorder),QUALIFYING,Current misuse or dependence
296315003,Intentional mescaline overdose (disorder),QUALIFYING,Current misuse or dependence
296323001,Intentional overdose by cocaine (disorder),QUALIFYING,Current misuse or dependence
296327000,Intentional overdose by crack cocaine (disorder),QUALIFYING,Current misuse or dependence
296307001,Intentional overdose by lysergic acid (disorder),QUALIFYING,Current misuse or dependence
1149241001,Intentional overdose by lysergic acid diethylamide (disorder),QUALIFYING,Current misuse or dependence
296319009,Intentional overdose of ecstasy (disorder),QUALIFYING,Current misuse or dependence
838521001,Intentional overdose of methylenedioxymethamphetamine (disorder),QUALIFYING,Current misuse or dependence
1155772001,Intoxication caused by central stimulant (disorder),QUALIFYING,Current misuse or dependence
762671008,Intoxication caused by synthetic cathinone (disorder),QUALIFYING,Current misuse or dependence
228388006,Intravenous drug user (finding),QUALIFYING,Current misuse or dependence
145121000119106,Intravenous nondependent harmful pattern of use of opioid (disorder),QUALIFYING,Current misuse or dependence
417697003,Irresistible craving for drugs (finding),QUALIFYING,Current misuse or dependence
724715004,Ketamine dependence (disorder),QUALIFYING,Current misuse or dependence
1087511000000109,Late onset amphetamine-induced psychosis (disorder),QUALIFYING,Current misuse or dependence
1087501000000107,Late onset cannabinoid-induced psychosis (disorder),QUALIFYING,Current misuse or dependence
1087481000000103,Late onset cocaine-induced psychosis (disorder),QUALIFYING,Current misuse or dependence
1087491000000101,Late onset lysergic acid diethylamide-induced psychosis (disorder),QUALIFYING,Current misuse or dependence
231475006,Librium dependence (disorder),QUALIFYING,Current misuse or dependence
295566002,Local cocaine overdose (disorder),QUALIFYING,Current misuse or dependence
295570005,Local cocaine overdose of undetermined intent (disorder),QUALIFYING,Current misuse or dependence
228371004,Long-term drug misuser (finding),QUALIFYING,Current misuse or dependence
231468005,Lysergic acid diethylamide dependence (disorder),QUALIFYING,Current misuse or dependence
12398361000119105,Mental disorder caused by methamphetamine (disorder),QUALIFYING,Current misuse or dependence
231469002,Mescaline dependence (disorder),QUALIFYING,Current misuse or dependence
296313005,Mescaline overdose (disorder),QUALIFYING,Current misuse or dependence
296316002,Mescaline overdose of undetermined intent (disorder),QUALIFYING,Current misuse or dependence
231478008,Methadone dependence (disorder),QUALIFYING,Current misuse or dependence
429512006,Methadone misuse (finding),QUALIFYING,Current misuse or dependence
426873000,Methamphetamine dependence (disorder),QUALIFYING,Current misuse or dependence
12398571000119105,Methamphetamine intoxication (disorder),QUALIFYING,Current misuse or dependence
12398281000119105,Methamphetamine withdrawal syndrome (disorder),QUALIFYING,Current misuse or dependence
1231319004,Methylenedioxymethamphetamine dependence (disorder),QUALIFYING,Current misuse or dependence
724704009,Methylenedioxymethamphetamine dependence with current use (disorder),QUALIFYING,Current misuse or dependence
1268383007,Methylenedioxymethamphetamine user (finding),QUALIFYING,Current misuse or dependence
703885002,Misuse of analgesic (finding),QUALIFYING,Current misuse or dependence
788165003,Misuse of medication (finding),QUALIFYING,Current misuse or dependence
424626006,Misuse of over-the-counter medications (finding),QUALIFYING,Current misuse or dependence
191939002,Misuse of prescription only drugs (finding),QUALIFYING,Current misuse or dependence
44870007,Misused drugs in past (finding),QUALIFYING,Current misuse or dependence
105550004,Misused volatile solvents in past (finding),QUALIFYING,Current misuse or dependence
824001000000103,Misuses anabolic steroids (finding),QUALIFYING,Current misuse or dependence
361055000,Misuses drugs (finding),QUALIFYING,Current misuse or dependence
228375008,Misuses drugs orally (finding),QUALIFYING,Current misuse or dependence
228383002,Misuses drugs rectally (finding),QUALIFYING,Current misuse or dependence
228384008,Misuses drugs sublingually (finding),QUALIFYING,Current misuse or dependence
228382007,Misuses drugs vaginally (finding),QUALIFYING,Current misuse or dependence
1254959003,Monitoring substance withdrawal (regime/therapy),QUALIFYING,Current misuse or dependence
788983007,Mood disorder caused by cannabis (disorder),QUALIFYING,Current misuse or dependence
724720004,Mood disorder caused by dissociative drug (disorder),QUALIFYING,Current misuse or dependence
724721000,Mood disorder caused by ketamine (disorder),QUALIFYING,Current misuse or dependence
12398321000119100,Mood disorder caused by methamphetamine (disorder),QUALIFYING,Current misuse or dependence
724707002,Mood disorder caused by methylenedioxymethamphetamine (disorder),QUALIFYING,Current misuse or dependence
29733004,Mood disorder caused by opioid (disorder),QUALIFYING,Current misuse or dependence
4863002,Mood disorder caused by phencyclidine (disorder),QUALIFYING,Current misuse or dependence
762328006,Mood disorder caused by stimulant (disorder),QUALIFYING,Current misuse or dependence
789119007,Mood disorder caused by synthetic cannabinoid (disorder),QUALIFYING,Current misuse or dependence
762511009,Mood disorder caused by synthetic cathinone (disorder),QUALIFYING,Current misuse or dependence
838530009,Mood disorder with depressive symptoms caused by amfetamine and/or amfetamine derivative (disorder),QUALIFYING,Current misuse or dependence
724678004,Mood disorder with depressive symptoms caused by anxiolytic (disorder),QUALIFYING,Current misuse or dependence
724690002,Mood disorder with depressive symptoms caused by cocaine (disorder),QUALIFYING,Current misuse or dependence
762345001,Mood disorder with depressive symptoms caused by dissociative drug (disorder),QUALIFYING,Current misuse or dependence
762342003,Mood disorder with depressive symptoms caused by ecstasy type drug (disorder),QUALIFYING,Current misuse or dependence
762336002,Mood disorder with depressive symptoms caused by hallucinogen (disorder),QUALIFYING,Current misuse or dependence
724677009,Mood disorder with depressive symptoms caused by hypnotic (disorder),QUALIFYING,Current misuse or dependence
762321000,Mood disorder with depressive symptoms caused by opioid (disorder),QUALIFYING,Current misuse or dependence
724676000,Mood disorder with depressive symptoms caused by sedative (disorder),QUALIFYING,Current misuse or dependence
762329003,Mood disorder with depressive symptoms caused by stimulant (disorder),QUALIFYING,Current misuse or dependence
762512002,Mood disorder with depressive symptoms caused by synthetic cathinone (disorder),QUALIFYING,Current misuse or dependence
762339009,Mood disorder with depressive symptoms caused by volatile inhalant (disorder),QUALIFYING,Current misuse or dependence
838528007,Mood disorder with manic symptoms caused by amfetamine and/or amfetamine derivative (disorder),QUALIFYING,Current misuse or dependence
724691003,Mood disorder with manic symptoms caused by cocaine (disorder),QUALIFYING,Current misuse or dependence
762344002,Mood disorder with manic symptoms caused by dissociative drug (disorder),QUALIFYING,Current misuse or dependence
762341005,Mood disorder with manic symptoms caused by ecstasy type drug (disorder),QUALIFYING,Current misuse or dependence
762335003,Mood disorder with manic symptoms caused by hallucinogen (disorder),QUALIFYING,Current misuse or dependence
762320004,Mood disorder with manic symptoms caused by opioid (disorder),QUALIFYING,Current misuse or dependence
762513007,Mood disorder with manic symptoms caused by synthetic cathinone (disorder),QUALIFYING,Current misuse or dependence
762338001,Mood disorder with manic symptoms caused by volatile inhalant (disorder),QUALIFYING,Current misuse or dependence
838529004,Mood disorder with mixed depressive and manic symptoms caused by amfetamine and/or amfetamine derivative (disorder),QUALIFYING,Current misuse or dependence
724692005,Mood disorder with mixed depressive and manic symptoms caused by cocaine (disorder),QUALIFYING,Current misuse or dependence
762346000,Mood disorder with mixed depressive and manic symptoms caused by dissociative drug (disorder),QUALIFYING,Current misuse or dependence
762343008,Mood disorder with mixed depressive and manic symptoms caused by ecstasy type drug (disorder),QUALIFYING,Current misuse or dependence
762337006,Mood disorder with mixed depressive and manic symptoms caused by hallucinogen (disorder),QUALIFYING,Current misuse or dependence
762322007,Mood disorder with mixed depressive and manic symptoms caused by opioid (disorder),QUALIFYING,Current misuse or dependence
762330008,Mood disorder with mixed depressive and manic symptoms caused by stimulant (disorder),QUALIFYING,Current misuse or dependence
762514001,Mood disorder with mixed depressive and manic symptoms caused by synthetic cathinone (disorder),QUALIFYING,Current misuse or dependence
762340006,Mood disorder with mixed depressive and manic symptoms caused by volatile inhalant (disorder),QUALIFYING,Current misuse or dependence
231479000,Morphine dependence (disorder),QUALIFYING,Current misuse or dependence
1237201004,Naloxone dependence (disorder),QUALIFYING,Current misuse or dependence
70545002,Narcotic drug user (finding),QUALIFYING,Current misuse or dependence
230443000,Narcotic withdrawal epilepsy (disorder),QUALIFYING,Current misuse or dependence
248601000000106,Neck injector (finding),QUALIFYING,Current misuse or dependence
413096007,Never injecting drug user (finding),QUALIFYING,Current misuse or dependence
1104931000000109,Nitrous oxide misuse (finding),QUALIFYING,Current misuse or dependence
1268384001,Nitrous oxide user (finding),QUALIFYING,Current misuse or dependence
191924003,"Nondependent amphetamine or psychostimulant abuse, continuous (disorder)",QUALIFYING,Current misuse or dependence
191925002,"Nondependent amphetamine or psychostimulant abuse, episodic (disorder)",QUALIFYING,Current misuse or dependence
1230088003,Nondependent harmful pattern of use of amfetamine and/or amfetamine derivative (disorder),QUALIFYING,Current misuse or dependence
191916008,Nondependent harmful pattern of use of cocaine (disorder),QUALIFYING,Current misuse or dependence
1230089006,Nondependent harmful pattern of use of psychostimulant (disorder),QUALIFYING,Current misuse or dependence
268647004,Nondependent hypnotic or anxiolytic abuse (disorder),QUALIFYING,Current misuse or dependence
191905001,"Nondependent hypnotic or anxiolytic abuse, continuous (disorder)",QUALIFYING,Current misuse or dependence
191906000,"Nondependent hypnotic or anxiolytic abuse, episodic (disorder)",QUALIFYING,Current misuse or dependence
279491000000105,Not using heroin on top of substitution therapy (finding),QUALIFYING,Current misuse or dependence
228374007,Notified addict (finding),QUALIFYING,Current misuse or dependence
724693000,Obsessive compulsive disorder caused by cocaine (disorder),QUALIFYING,Current misuse or dependence
724730008,Obsessive compulsive disorder caused by psychoactive substance (disorder),QUALIFYING,Current misuse or dependence
762332000,Obsessive compulsive disorder caused by stimulant (disorder),QUALIFYING,Current misuse or dependence
762516004,Obsessive compulsive disorder caused by synthetic cathinone (disorder),QUALIFYING,Current misuse or dependence
228405006,Obtains clean needles (finding),QUALIFYING,Current misuse or dependence
228407003,Obtains clean syringes (finding),QUALIFYING,Current misuse or dependence
105546006,Occasional drug abuser (finding),QUALIFYING,Current misuse or dependence
197541000000101,Occasional drug user (finding),QUALIFYING,Current misuse or dependence
428819003,Opiate misuse (finding),QUALIFYING,Current misuse or dependence
1047881000000106,Opioid analgesic dependence (disorder),QUALIFYING,Current misuse or dependence
75544000,Opioid dependence (disorder),QUALIFYING,Current misuse or dependence
724653003,Opioid dependence with current use (disorder),QUALIFYING,Current misuse or dependence
1081000119105,"Opioid dependence, on agonist therapy (disorder)",QUALIFYING,Current misuse or dependence
52866005,Opioid intoxication delirium (disorder),QUALIFYING,Current misuse or dependence
87132004,Opioid withdrawal syndrome (disorder),QUALIFYING,Current misuse or dependence
288851000119106,Opioid-induced mood disorder due to opioid abuse (disorder),QUALIFYING,Current misuse or dependence
288861000119108,Opioid-induced mood disorder due to opioid dependence (disorder),QUALIFYING,Current misuse or dependence
19445006,Opioid-induced psychotic disorder with hallucinations (disorder),QUALIFYING,Current misuse or dependence
231480002,Opium dependence (disorder),QUALIFYING,Current misuse or dependence
50026000,Organic anxiety disorder caused by psychoactive substance (disorder),QUALIFYING,Current misuse or dependence
32552001,Organic delusional disorder caused by psychoactive substance (disorder),QUALIFYING,Current misuse or dependence
28368009,Organic hallucinosis caused by psychoactive substance (disorder),QUALIFYING,Current misuse or dependence
83367009,Organic mental disorder caused by amphetamine and/or amfetamine derivative (disorder),QUALIFYING,Current misuse or dependence
312936002,Organic mental disorder caused by anxiolytic agent (disorder),QUALIFYING,Current misuse or dependence
310202009,Organic mental disorder caused by arylcyclohexylamine (disorder),QUALIFYING,Current misuse or dependence
77355000,Organic mental disorder caused by cannabis (disorder),QUALIFYING,Current misuse or dependence
46975003,Organic mental disorder caused by cocaine (disorder),QUALIFYING,Current misuse or dependence
53050002,Organic mental disorder caused by hallucinogen (disorder),QUALIFYING,Current misuse or dependence
313915006,Organic mental disorder caused by hypnotic agent (disorder),QUALIFYING,Current misuse or dependence
14784000,Organic mental disorder caused by opioid (disorder),QUALIFYING,Current misuse or dependence
21841000119100,Organic mental disorder caused by phencyclidine (disorder),QUALIFYING,Current misuse or dependence
11387009,Organic mental disorder caused by psychoactive substance (disorder),QUALIFYING,Current misuse or dependence
1187205008,Organic mental disorder caused by sedative (disorder),QUALIFYING,Current misuse or dependence
37331004,Organic mood disorder caused by psychoactive substance (disorder),QUALIFYING,Current misuse or dependence
46721000,Organic personality disorder caused by psychoactive substance (disorder),QUALIFYING,Current misuse or dependence
296321004,Overdose of cocaine (disorder),QUALIFYING,Current misuse or dependence
296324007,Overdose of cocaine of undetermined intent (disorder),QUALIFYING,Current misuse or dependence
296325008,Overdose of crack cocaine (disorder),QUALIFYING,Current misuse or dependence
296328005,Overdose of crack cocaine of undetermined intent (disorder),QUALIFYING,Current misuse or dependence
296318001,Overdose of ecstasy (disorder),QUALIFYING,Current misuse or dependence
296320003,Overdose of ecstasy of undetermined intent (disorder),QUALIFYING,Current misuse or dependence
708079007,Overdose of illicit drug (disorder),QUALIFYING,Current misuse or dependence
296305009,Overdose of lysergic acid (disorder),QUALIFYING,Current misuse or dependence
1149239002,Overdose of lysergic acid diethylamide (disorder),QUALIFYING,Current misuse or dependence
296308006,Overdose of lysergic acid of undetermined intent (disorder),QUALIFYING,Current misuse or dependence
838519006,Overdose of methylenedioxymethamphetamine (disorder),QUALIFYING,Current misuse or dependence
838522008,Overdose of methylenedioxymethamphetamine of undetermined intent (disorder),QUALIFYING,Current misuse or dependence
240961000000100,Patient admits to drug use (finding),QUALIFYING,Current misuse or dependence
707848009,Patient denies drug use (finding),QUALIFYING,Current misuse or dependence
724728006,Perceptual disturbances and seizures co-occurrent and due to psychoactive substance withdrawal (disorder),QUALIFYING,Current misuse or dependence
724726005,Perceptual disturbances co-occurrent and due to psychoactive substance withdrawal (disorder),QUALIFYING,Current misuse or dependence
58727001,Phencyclidine dependence (disorder),QUALIFYING,Current misuse or dependence
31715000,Phencyclidine intoxication delirium (disorder),QUALIFYING,Current misuse or dependence
33871004,Phencyclidine-induced psychotic disorder with hallucinations (disorder),QUALIFYING,Current misuse or dependence
311173003,Phencyclidine-related disorder (disorder),QUALIFYING,Current misuse or dependence
228372006,Poly-drug misuser (finding),QUALIFYING,Current misuse or dependence
51339003,Polysubstance dependence (disorder),QUALIFYING,Current misuse or dependence
228444003,Possession of drugs (finding),QUALIFYING,Current misuse or dependence
237228001,Pregnancy and drug dependence (disorder),QUALIFYING,Current misuse or dependence
1254991002,Pregnancy and substance dependence (disorder),QUALIFYING,Current misuse or dependence
416437003,Preoccupied with substance misuse (observable entity),QUALIFYING,Current misuse or dependence
416479009,Previously injecting drug user (finding),QUALIFYING,Current misuse or dependence
228415000,Priority of drug-related activities (observable entity),QUALIFYING,Current misuse or dependence
2403008,Psychoactive substance dependence (disorder),QUALIFYING,Current misuse or dependence
724724008,Psychoactive substance dependence with current use (disorder),QUALIFYING,Current misuse or dependence
11061003,Psychoactive substance use disorder (disorder),QUALIFYING,Current misuse or dependence
74934004,Psychoactive substance withdrawal syndrome (disorder),QUALIFYING,Current misuse or dependence
724725009,Psychoactive substance withdrawal syndrome without complication (disorder),QUALIFYING,Current misuse or dependence
83168008,Psychoactive substance-induced organic amnestic disorder (disorder),QUALIFYING,Current misuse or dependence
111480006,Psychoactive substance-induced organic dementia (disorder),QUALIFYING,Current misuse or dependence
943121000000104,Psychoactive substance-induced psychosis (disorder),QUALIFYING,Current misuse or dependence
288461000119105,Psychosis caused by inhalant (disorder),QUALIFYING,Current misuse or dependence
275471001,Psychostimulant dependence (disorder),QUALIFYING,Current misuse or dependence
1231336007,Psychostimulant dependence continuous (disorder),QUALIFYING,Current misuse or dependence
1231333004,Psychostimulant dependence episodic (disorder),QUALIFYING,Current misuse or dependence
428370001,Psychostimulant withdrawal syndrome (disorder),QUALIFYING,Current misuse or dependence
7761000119106,Psychotic disorder caused by amphetamine (disorder),QUALIFYING,Current misuse or dependence
724675001,Psychotic disorder caused by anxiolytic (disorder),QUALIFYING,Current misuse or dependence
723936000,Psychotic disorder caused by cannabis (disorder),QUALIFYING,Current misuse or dependence
724689006,Psychotic disorder caused by cocaine (disorder),QUALIFYING,Current misuse or dependence
724718002,Psychotic disorder caused by dissociative drug (disorder),QUALIFYING,Current misuse or dependence
724696008,Psychotic disorder caused by hallucinogen (disorder),QUALIFYING,Current misuse or dependence
724674002,Psychotic disorder caused by hypnotic (disorder),QUALIFYING,Current misuse or dependence
724719005,Psychotic disorder caused by ketamine (disorder),QUALIFYING,Current misuse or dependence
724706006,Psychotic disorder caused by methylenedioxymethamphetamine (disorder),QUALIFYING,Current misuse or dependence
21831000119109,Psychotic disorder caused by phencyclidine (disorder),QUALIFYING,Current misuse or dependence
724729003,Psychotic disorder caused by psychoactive substance (disorder),QUALIFYING,Current misuse or dependence
724673008,Psychotic disorder caused by sedative (disorder),QUALIFYING,Current misuse or dependence
762325009,Psychotic disorder caused by stimulant (disorder),QUALIFYING,Current misuse or dependence
737340007,Psychotic disorder caused by synthetic cannabinoid (disorder),QUALIFYING,Current misuse or dependence
762507003,Psychotic disorder caused by synthetic cathinone (disorder),QUALIFYING,Current misuse or dependence
724702008,Psychotic disorder caused by volatile inhalant (disorder),QUALIFYING,Current misuse or dependence
20385005,Psychotic disorder with delusions caused by opioid (disorder),QUALIFYING,Current misuse or dependence
762327001,Psychotic disorder with delusions caused by stimulant (disorder),QUALIFYING,Current misuse or dependence
762509000,Psychotic disorder with delusions caused by synthetic cathinone (disorder),QUALIFYING,Current misuse or dependence
762326005,Psychotic disorder with hallucinations caused by stimulant (disorder),QUALIFYING,Current misuse or dependence
762508008,Psychotic disorder with hallucinations caused by synthetic cathinone (disorder),QUALIFYING,Current misuse or dependence
735750005,Psychotic disorder with schizophreniform symptoms caused by cocaine (disorder),QUALIFYING,Current misuse or dependence
762510005,Psychotic disorder with schizophreniform symptoms caused by synthetic cathinone (disorder),QUALIFYING,Current misuse or dependence
424848002,Recreational drug user (finding),QUALIFYING,Current misuse or dependence
416751004,Reduced drugs misuse (finding),QUALIFYING,Current misuse or dependence
228425005,Routine of drug-related activities (observable entity),QUALIFYING,Current misuse or dependence
427327003,Sedative dependence (disorder),QUALIFYING,Current misuse or dependence
724657002,Sedative dependence with current use (disorder),QUALIFYING,Current misuse or dependence
724727001,Seizure co-occurrent and due to psychoactive substance withdrawal (disorder),QUALIFYING,Current misuse or dependence
1254960008,Seizure co-occurrent and due to substance withdrawal (disorder),QUALIFYING,Current misuse or dependence
70932007,Sexual dysfunction caused by amfetamine (finding),QUALIFYING,Current misuse or dependence
71328000,Sexual dysfunction caused by opioid (finding),QUALIFYING,Current misuse or dependence
762333005,Sexual dysfunction caused by stimulant (disorder),QUALIFYING,Current misuse or dependence
762517008,Sexual dysfunction caused by synthetic cathinone (disorder),QUALIFYING,Current misuse or dependence
228397005,Shares drug equipment (finding),QUALIFYING,Current misuse or dependence
228395002,Shares drug injecting equipment (finding),QUALIFYING,Current misuse or dependence
228400001,Shares needles (finding),QUALIFYING,Current misuse or dependence
228399008,Shares syringes (finding),QUALIFYING,Current misuse or dependence
1264554000,Signs of opioid withdrawal on naloxone challenge test (finding),QUALIFYING,Current misuse or dependence
723937009,Sleep disorder caused by cannabis (disorder),QUALIFYING,Current misuse or dependence
762334004,Sleep disorder caused by stimulant (disorder),QUALIFYING,Current misuse or dependence
737342004,Sleep disorder caused by synthetic cannabinoid (disorder),QUALIFYING,Current misuse or dependence
762518003,Sleep disorder caused by synthetic cathinone (disorder),QUALIFYING,Current misuse or dependence
228377000,Smokes drugs (finding),QUALIFYING,Current misuse or dependence
228378005,Smokes drugs in cigarette form (finding),QUALIFYING,Current misuse or dependence
228379002,Smokes drugs through a pipe (finding),QUALIFYING,Current misuse or dependence
228381000,Sniffs drugs (finding),QUALIFYING,Current misuse or dependence
428495004,Solvent misuse (finding),QUALIFYING,Current misuse or dependence
442406005,Stimulant dependence (disorder),QUALIFYING,Current misuse or dependence
1254812006,Substance dependence (disorder),QUALIFYING,Current misuse or dependence
1254985004,Substance dependence during pregnancy - baby delivered (disorder),QUALIFYING,Current misuse or dependence
1254986003,Substance dependence during pregnancy - baby not yet delivered (disorder),QUALIFYING,Current misuse or dependence
1254981008,"Substance dependence during pregnancy, childbirth and/or puerperium (disorder)",QUALIFYING,Current misuse or dependence
1254987007,Substance dependence in childbirth (disorder),QUALIFYING,Current misuse or dependence
1254975000,"Substance dependence, continuous (disorder)",QUALIFYING,Current misuse or dependence
1254974001,"Substance dependence, episodic (disorder)",QUALIFYING,Current misuse or dependence
737337007,Synthetic cannabinoid dependence (disorder),QUALIFYING,Current misuse or dependence
737335004,Synthetic cannabinoid intoxication (disorder),QUALIFYING,Current misuse or dependence
737338002,Synthetic cannabinoid withdrawal syndrome (disorder),QUALIFYING,Current misuse or dependence
762505006,Synthetic cathinone dependence (disorder),QUALIFYING,Current misuse or dependence
762672001,Synthetic cathinone withdrawal syndrome (disorder),QUALIFYING,Current misuse or dependence
228421001,Time devoted to drug-related activities (observable entity),QUALIFYING,Current misuse or dependence
228422008,Time spent obtaining drugs (observable entity),QUALIFYING,Current misuse or dependence
228424009,Time spent recovering from drugs (observable entity),QUALIFYING,Current misuse or dependence
228423003,Time spent taking drugs (observable entity),QUALIFYING,Current misuse or dependence
228412002,Total time drugs misused (observable entity),QUALIFYING,Current misuse or dependence
413329000,Treated for drug use in last 12 months (finding),QUALIFYING,Current misuse or dependence
770101000000107,Treatment outcomes profile score (observable entity),QUALIFYING,Current misuse or dependence
1142050005,Uncomplicated opioid withdrawal (disorder),QUALIFYING,Current misuse or dependence
228417008,Undue priority given to drug-related activities (finding),QUALIFYING,Current misuse or dependence
383901000000108,Uses drug paraphernalia (finding),QUALIFYING,Current misuse or dependence
228410005,Uses needle and syringe exchange scheme (finding),QUALIFYING,Current misuse or dependence
228406007,Uses needle exchange scheme (finding),QUALIFYING,Current misuse or dependence
279461000000104,Using heroin on top of substitution therapy (finding),QUALIFYING,Current misuse or dependence
5002000,Volatile inhalant dependence (disorder),QUALIFYING,Current misuse or dependence
724700000,Volatile inhalant dependence with current use (disorder),QUALIFYING,Current misuse or dependence
86391000119101,"Volatile inhalant dependence, continuous (disorder)",QUALIFYING,Current misuse or dependence
86401000119104,"Volatile inhalant dependence, episodic (disorder)",QUALIFYING,Current misuse or dependence
943151000000109,Volatile inhalant-induced psychosis (disorder),QUALIFYING,Current misuse or dependence
712542001,Abstinent from drug misuse (finding),RESOLVING,Abstinent
712543006,Abstinent from drug misuse in normal environment (finding),RESOLVING,Abstinent
712544000,Abstinent from drug misuse in protected environment (finding),RESOLVING,Abstinent
712545004,Abstinent from drug misuse on maintenance replacement (finding),RESOLVING,Abstinent
712546003,Abstinent from drug misuse when receiving blocking therapy (finding),RESOLVING,Abstinent
1364721000000101,Date stopped drug misuse (observable entity),RESOLVING,History observable
228411009,Time since stopped drug misuse (observable entity),RESOLVING,History observable
1231325000,Amfetamine and/or amfetamine derivative dependence in remission (disorder),RESOLVING,In remission
191845006,Amphetamine or psychostimulant dependence in remission (disorder),RESOLVING,In remission
1231159006,Anxiolytic dependence in remission (disorder),RESOLVING,In remission
191839003,Cannabis dependence in remission (disorder),RESOLVING,In remission
191833002,Cocaine dependence in remission (disorder),RESOLVING,In remission
191875001,"Combined drug dependence, excluding opioid, in remission (disorder)",RESOLVING,In remission
191869005,Combined opioid with non-opioid drug dependence in remission (disorder),RESOLVING,In remission
1255019005,Combined opioid with non-opioid substance dependence in remission (disorder),RESOLVING,In remission
1255020004,"Combined substance dependence, excluding opioid, in remission (disorder)",RESOLVING,In remission
1461000119109,Drug dependence in remission (disorder),RESOLVING,In remission
191857002,Glue sniffing dependence in remission (disorder),RESOLVING,In remission
191851001,Hallucinogen dependence in remission (disorder),RESOLVING,In remission
1230266009,Harmful pattern of use of amfetamine and/or amfetamine derivative in remission (disorder),RESOLVING,In remission
1231158003,Hypnotic dependence in remission (disorder),RESOLVING,In remission
191827006,Hypnotic or anxiolytic dependence in remission (disorder),RESOLVING,In remission
836439001,Nicotine dependence in remission (disorder),RESOLVING,In remission
414874007,Nondependent amphetamine or psychostimulant abuse in remission (disorder),RESOLVING,In remission
1230083007,Nondependent harmful pattern of use of amfetamine and/or amfetamine derivative in remission (disorder),RESOLVING,In remission
1230078004,Nondependent harmful pattern of use of anxiolytic in remission (disorder),RESOLVING,In remission
191920007,Nondependent harmful pattern of use of cocaine in remission (disorder),RESOLVING,In remission
1230079007,Nondependent harmful pattern of use of hypnotic in remission (disorder),RESOLVING,In remission
1230082002,Nondependent harmful pattern of use of psychostimulant in remission (disorder),RESOLVING,In remission
191907009,Nondependent hypnotic or anxiolytic abuse in remission (disorder),RESOLVING,In remission
191821007,Opioid dependence in remission (disorder),RESOLVING,In remission
425841004,Phencyclidine dependence in remission (disorder),RESOLVING,In remission
1231331002,Psychostimulant dependence in remission (disorder),RESOLVING,In remission
1254973007,Substance dependence in remission (disorder),RESOLVING,In remission
228392004,Does not inject drugs (situation),RESOLVING,Negation
228367002,Does not misuse drugs (situation),RESOLVING,Negation
228393009,Has never injected drugs (situation),RESOLVING,Negation
228368007,Has never misused drugs (situation),RESOLVING,Negation
