SK_ORGANISATION_ID,PROVIDER_CODE,PROVIDER_NAME,PROVIDER_SHORTHAND,REPORTING_CODE,REPORTING_NAME,REPORTING_SHORTHAND,PROVIDER_TYPE,ROW_TYPE
333696,RAL,Royal Free London NHS Foundation Trust,RFL,RAL,Royal Free London NHS Foundation Trust,RFL,Acute,trust
333757,RAN,Royal National Orthopaedic Hospital NHS Trust,RNOH,RAN,Royal National Orthopaedic Hospital NHS Trust,RNOH,Acute,trust
344967,RKE,Whittington Health NHS Trust,WH,RKE,Whittington Health NHS Trust,WH,Acute,trust
348926,RNK,Tavistock and Portman NHS Foundation Trust,T&P,RNK,Tavistock and Portman NHS Foundation Trust,T&P,Mental Health,trust
349944,RP4,Great Ormond Street Hospital for Children NHS Foundation Trust,GOSH,RP4,Great Ormond Street Hospital for Children NHS Foundation Trust,GOSH,Acute,trust
350017,RP6,Moorfields Eye Hospital NHS Foundation Trust,MEH,RP6,Moorfields Eye Hospital NHS Foundation Trust,MEH,Acute,trust
353873,RRV,University College London Hospitals NHS Foundation Trust,UCLH,RRV,University College London Hospitals NHS Foundation Trust,UCLH,Acute,trust
357141,RV3,Central and North West London NHS Foundation Trust,CNWL,RV3,Central and North West London NHS Foundation Trust,CNWL,Community,trust
372432,RYX,Central London Community Healthcare NHS Trust,CLCH,RYX,Central London Community Healthcare NHS Trust,CLCH,Community,trust
509081,G6V2S,North London NHS Foundation Trust,NLFT,G6V2S,North London NHS Foundation Trust,NLFT,Mental Health,trust
333697,RAL,Royal Free London NHS Foundation Trust,RFL,RAL01,Royal Free Hospital,RFH,Acute,rfl_site
333719,RAL,Royal Free London NHS Foundation Trust,RFL,RAL26,Barnet Hospital,BH,Acute,rfl_site
333720,RAL,Royal Free London NHS Foundation Trust,RFL,RAL27,North Middlesex Hospital,NMUH,Acute,rfl_site
373963,RAL,Royal Free London NHS Foundation Trust,RFL,RALC7,Chase Farm Hospital,CFH,Acute,rfl_site
333761,RAL,Royal Free London NHS Foundation Trust,RFL,RAP,North Middlesex University Hospital NHS Trust,NMUH,Acute,historic_nmuh
353562,G6V2S,North London NHS Foundation Trust,NLFT,RRP,"Barnet, Enfield and Haringey Mental Health NHS Trust",BEH,Mental Health,historic_mh
372868,G6V2S,North London NHS Foundation Trust,NLFT,TAF,Camden and Islington NHS Foundation Trust,C&I,Mental Health,historic_mh
372456,RYX,Central London Community Healthcare NHS Trust,CLCH,RYX24,Edgware Community Hospital,Edgware,Community,clch_site
372455,RYX,Central London Community Healthcare NHS Trust,CLCH,RYX23,Finchley Memorial Hospital,Finchley,Community,clch_site
333787,RAS,The Hillingdon Hospitals NHS Foundation Trust,THHT,RAS,The Hillingdon Hospitals NHS Foundation Trust,THHT,Acute,trust
345246,RKL,West London NHS Trust,WLT,RKL,West London NHS Trust,WLT,Mental Health,trust
371298,RYJ,Imperial College Healthcare NHS Trust,ICH,RYJ,Imperial College Healthcare NHS Trust,ICH,Acute,trust
351535,RQM,Chelsea and Westminster Hospital NHS Foundation Trust,ChelWest,RQM,Chelsea and Westminster Hospital NHS Foundation Trust,ChelWest,Acute,trust
377058,R1K,London North West University Healthcare NHS Trust,LNWH,R1K,London North West University Healthcare NHS Trust,LNWH,Acute,trust
